NodeIndex,PredictedRiskScore
0,1.6712052
1,1.9637129
2,1.8981111
3,1.861052
4,1.8601174
5,1.8572775
6,1.8542851
7,1.8514843
8,1.8488581
9,1.8461807
10,1.8429537
11,1.838793
12,1.8341682
13,1.8299233
14,1.8259978
15,1.8217697
16,1.8168937
17,1.812026
18,1.8076694
19,1.8037994
20,1.8003545
21,1.7973921
22,1.795054
23,1.7934473
24,1.7924695
25,1.7919569
26,1.791755
27,1.7918917
28,1.7923343
29,1.7929454
30,1.7935162
31,1.79404
32,1.7946854
33,1.7956195
34,1.7968342
35,1.7982435
36,1.7996299
37,1.800663
38,1.8011049
39,1.8010998
40,1.8003933
41,1.798837
42,1.7961152
43,1.792573
44,1.7885945
45,1.7847905
46,1.7814164
47,1.7783501
48,1.7751429
49,1.771769
50,1.7685122
51,1.7657862
52,1.763823
53,1.7624879
54,1.7616689
55,1.7613244
56,1.761657
57,1.7624444
58,1.7631484
59,1.7632617
60,1.7627509
61,1.761989
62,1.7611034
63,1.7602367
64,1.7594026
65,1.7590733
66,1.7594514
67,1.7607074
68,1.7625707
69,1.7648001
70,1.7671802
71,1.7696705
72,1.7720803
73,1.7741756
74,1.7758224
75,1.7773747
76,1.7790918
77,1.781049
78,1.783201
79,1.7856475
80,1.788518
81,1.7915707
82,1.7947752
83,1.7977611
84,1.8002179
85,1.8009983
86,1.7994258
87,1.7947387
88,1.7871959
89,1.7772386
90,1.7659423
91,1.7541134
92,1.7426047
93,1.7320503
94,1.7227869
95,1.7145433
96,1.7068056
97,1.6993822
98,1.6925576
99,1.6869266
100,1.6830323
101,1.6812017
102,1.6812203
103,1.6825209
104,1.6847582
105,1.6878788
106,1.6919692
107,1.697397
108,1.7047286
109,1.7145083
110,1.7260432
111,1.7382796
112,1.7503121
113,1.7615981
114,1.7715874
115,1.7798721
116,1.7869112
117,1.7935266
118,1.8002505
119,1.8071828
120,1.8147863
121,1.8236134
122,1.8342252
123,1.8460994
124,1.8589911
125,1.872595
126,1.8862907
127,1.8986778
128,1.9080932
129,1.914582
130,1.9189303
131,1.9224412
132,1.9252528
133,1.9271796
134,1.9277041
135,1.9270403
136,1.9256437
137,1.9239922
138,1.9221036
139,1.9197994
140,1.9172645
141,1.9147687
142,1.9127135
143,1.911319
144,1.9106548
145,1.9108326
146,1.911813
147,1.9137783
148,1.9168003
149,1.9208943
150,1.925816
151,1.9311421
152,1.9366714
153,1.9423299
154,1.9482
155,1.9541887
156,1.9602778
157,1.9663572
158,1.9723573
159,1.9781787
160,1.9838984
161,1.9894047
162,1.9944272
163,1.9987385
164,2.0025127
165,2.006198
166,2.0098295
167,2.0131433
168,2.015589
169,2.017102
170,2.0178072
171,2.0180235
172,2.0180655
173,2.0181973
174,2.0186453
175,2.019647
176,2.0214162
177,2.0241525
178,2.0276704
179,2.031761
180,2.0363386
181,2.0413084
182,2.0466325
183,2.0520072
184,2.0573583
185,2.062461
186,2.0672908
187,2.071938
188,2.0766811
189,2.0816176
190,2.0864122
191,2.090351
192,2.0928943
193,2.0935183
194,2.0922558
195,2.0889807
196,2.0841732
197,2.0783172
198,2.0722127
199,2.0665975
200,2.0618877
201,2.058244
202,2.0554798
203,2.0537128
204,2.0530925
205,2.054013
206,2.056394
207,2.0601118
208,2.0644462
209,2.068761
210,2.0724757
211,2.0756812
212,2.0784557
213,2.0804646
214,2.08136
215,2.0811095
216,2.0802546
217,2.0788414
218,2.0767102
219,2.073736
220,2.0700893
221,2.0662372
222,2.0626597
223,2.0597858
224,2.0575926
225,2.055802
226,2.0542424
227,2.0528767
228,2.0515218
229,2.0498612
230,2.047772
231,2.0451858
232,2.041739
233,2.037134
234,2.0314927
235,2.0254495
236,2.0191944
237,2.012563
238,2.0054398
239,1.9980853
240,1.990873
241,1.9840202
242,1.9776607
243,1.9718401
244,1.9665158
245,1.9615247
246,1.956609
247,1.951595
248,1.9467278
249,1.942514
250,1.9393606
251,1.9370046
252,1.935216
253,1.9338205
254,1.9330125
255,1.9326475
256,1.9325793
257,1.9327482
258,1.9334581
259,1.9350748
260,1.93767
261,1.9409876
262,1.9444256
263,1.9474761
264,1.9497607
265,1.9511709
266,1.951344
267,1.9496288
268,1.9455745
269,1.9394166
270,1.9318051
271,1.9234543
272,1.9147286
273,1.9060507
274,1.89728
275,1.8882539
276,1.8787787
277,1.8690261
278,1.8591037
279,1.8490404
280,1.8389323
281,1.8294914
282,1.8212054
283,1.8141673
284,1.8076932
285,1.8012714
286,1.794719
287,1.7876952
288,1.7799306
289,1.7717352
290,1.7641182
291,1.7579353
292,1.7529275
293,1.7486982
294,1.7442089
295,1.73967
296,1.7351325
297,1.7312291
298,1.7274594
299,1.7230253
300,1.716892
301,1.7083786
302,1.6971897
303,1.6830568
304,1.6660116
305,1.6460733
306,1.6241528
307,1.6012367
308,1.5774373
309,1.5523831
310,1.5253491
311,1.4972774
312,1.469171
313,1.4420593
314,1.416406
315,1.3927984
316,1.3714639
317,1.3521665
318,1.3353059
319,1.3216052
320,1.3119438
321,1.3057872
322,1.3023089
323,1.2990286
324,1.2961706
325,1.2958137
326,1.3031533
327,1.3184252
328,1.3390052
329,1.3608354
330,1.3826644
331,1.4045553
332,1.4265695
333,1.4486437
334,1.470544
335,1.4920087
336,1.5129908
337,1.533736
338,1.5544902
339,1.575701
340,1.5980396
341,1.6221963
342,1.6485491
343,1.6769812
344,1.707346
345,1.7392406
346,1.7721651
347,1.8058109
348,1.8404057
349,1.8762889
350,1.9131303
351,1.9489362
352,1.9815671
353,2.0095232
354,2.0330772
355,2.0529568
356,2.070014
357,2.0851917
358,2.098947
359,2.1111832
360,2.1203077
361,2.1265996
362,2.131051
363,2.1354852
364,2.139349
365,2.1414645
366,2.1412294
367,2.1392107
368,2.135896
369,2.1311715
370,2.124979
371,2.117399
372,2.1086867
373,2.098586
374,2.0873199
375,2.0750556
376,2.0621097
377,2.0484583
378,2.0344248
379,2.0202937
380,2.006366
381,1.992876
382,1.9800903
383,1.968281
384,1.9575636
385,1.9479561
386,1.9393375
387,1.931219
388,1.9225128
389,1.9120218
390,1.8988817
391,1.8836372
392,1.8675879
393,1.8522556
394,1.8382874
395,1.8259311
396,1.81509
397,1.8062778
398,1.799484
399,1.7948261
400,1.7914381
401,1.7886872
402,1.7859378
403,1.7831447
404,1.7816172
405,1.7826635
406,1.7872527
407,1.7941442
408,1.8017514
409,1.807374
410,1.8091002
411,1.8058288
412,1.7991384
413,1.7910374
414,1.7831101
415,1.7759467
416,1.7698764
417,1.7656882
418,1.7634777
419,1.7634525
420,1.7648385
421,1.7676632
422,1.7724822
423,1.7802291
424,1.7909319
425,1.8034503
426,1.8171244
427,1.8317654
428,1.8477628
429,1.8646848
430,1.8820596
431,1.8994224
432,1.9167547
433,1.934061
434,1.9513454
435,1.9687088
436,1.9862831
437,2.0041995
438,2.0223968
439,2.0407507
440,2.0591362
441,2.0775251
442,2.0959191
443,2.1123648
444,2.1245072
445,2.1299918
446,2.1304338
447,2.1293125
448,2.1301064
449,2.1342192
450,2.1405256
451,2.1479023
452,2.1552856
453,2.1626782
454,2.1700828
455,2.1775017
456,2.1844425
457,2.1914542
458,2.1992867
459,2.2096732
460,2.2222612
461,2.2362912
462,2.2505178
463,2.264742
464,2.278972
465,2.2933526
466,2.3083408
467,2.324298
468,2.3408582
469,2.3571506
470,2.3725364
471,2.3875043
472,2.4027202
473,2.4186594
474,2.4352217
475,2.4524088
476,2.470348
477,2.4891498
478,2.5086546
479,2.5288596
480,2.5498812
481,2.572013
482,2.5938265
483,2.613864
484,2.6309245
485,2.646406
486,2.6612232
487,2.6726525
488,2.6769176
489,2.6711164
490,2.6589813
491,2.6437316
492,2.6269035
493,2.6067364
494,2.5823827
495,2.5552497
496,2.5266774
497,2.4973872
498,2.467254
499,2.4365585
500,2.4060133
501,2.3763082
502,2.3477464
503,2.3202257
504,2.2934058
505,2.2668507
506,2.2405138
507,2.2146556
508,2.1899695
509,2.1669207
510,2.1456096
511,2.1256862
512,2.1068182
513,2.0890074
514,2.072535
515,2.057574
516,2.04392
517,2.0314398
518,2.0199146
519,2.0079947
520,1.9940209
521,1.9765058
522,1.9564114
523,1.9349444
524,1.9135159
525,1.8924823
526,1.8720255
527,1.8520947
528,1.833003
529,1.815191
530,1.799376
531,1.7862568
532,1.776483
533,1.7700644
534,1.7657629
535,1.7627106
536,1.7607034
537,1.7603831
538,1.7617044
539,1.7642962
540,1.7677984
541,1.7725978
542,1.7788513
543,1.7865746
544,1.7947907
545,1.8027654
546,1.8092649
547,1.8136697
548,1.8153855
549,1.8151946
550,1.8140807
551,1.812883
552,1.8108964
553,1.8070694
554,1.8012713
555,1.7944906
556,1.7876415
557,1.7804956
558,1.7723012
559,1.7622745
560,1.749574
561,1.7344929
562,1.7183291
563,1.702985
564,1.6895406
565,1.678031
566,1.6683896
567,1.6600692
568,1.653228
569,1.6478124
570,1.6443038
571,1.6423136
572,1.6416309
573,1.6414535
574,1.6408169
575,1.638034
576,1.6318668
577,1.6223924
578,1.6109453
579,1.5987648
580,1.5856613
581,1.5710292
582,1.5547737
583,1.5384147
584,1.5232381
585,1.5098789
586,1.4973648
587,1.4846267
588,1.4709313
589,1.4566243
590,1.4422326
591,1.4278715
592,1.4133002
593,1.3982787
594,1.3832779
595,1.3688769
596,1.3557482
597,1.3438823
598,1.333291
599,1.3237389
600,1.3154804
601,1.3074974
602,1.300157
603,1.2935432
604,1.2886007
605,1.2847718
606,1.2814288
607,1.2782314
608,1.2752471
609,1.2721025
610,1.2685379
611,1.2641633
612,1.2595841
613,1.2553674
614,1.2518497
615,1.2486339
616,1.2454889
617,1.2422538
618,1.2392448
619,1.236417
620,1.2337633
621,1.2310729
622,1.2281473
623,1.2250445
624,1.2217854
625,1.2183204
626,1.214533
627,1.2106539
628,1.2072523
629,1.2048796
630,1.2037369
631,1.2031283
632,1.20232
633,1.2006989
634,1.1986887
635,1.196368
636,1.1937326
637,1.190709
638,1.1875392
639,1.1846529
640,1.1831213
641,1.1840591
642,1.1882572
643,1.1948433
644,1.2028482
645,1.2115204
646,1.2210171
647,1.231931
648,1.2432562
649,1.2527626
650,1.2574284
651,1.2582264
652,1.2579825
653,1.2602855
654,1.2656572
655,1.2738649
656,1.2837305
657,1.2942841
658,1.3036644
659,1.3100872
660,1.3121345
661,1.3104395
662,1.3069891
663,1.3040221
664,1.302917
665,1.3040289
666,1.3073202
667,1.3120828
668,1.3178122
669,1.3244925
670,1.3321496
671,1.3409675
672,1.3508891
673,1.361839
674,1.3733088
675,1.3846344
676,1.3953229
677,1.4042039
678,1.4102867
679,1.4128634
680,1.4129235
681,1.4112552
682,1.4085795
683,1.4049978
684,1.4007237
685,1.3959029
686,1.3906152
687,1.3851192
688,1.37973
689,1.3746488
690,1.3698646
691,1.3653187
692,1.3609949
693,1.3568922
694,1.3530109
695,1.3494558
696,1.3462129
697,1.3423606
698,1.3354471
699,1.3229859
700,1.3042628
701,1.2811992
702,1.2563574
703,1.231459
704,1.2068834
705,1.1823521
706,1.1574988
707,1.133009
708,1.1096439
709,1.0877851
710,1.0658801
711,1.0423408
712,1.0168976
713,0.99107254
714,0.96645105
715,0.94317293
716,0.9199753
717,0.89654666
718,0.8733293
719,0.85216343
720,0.8336801
721,0.8183278
722,0.80499506
723,0.79294634
724,0.781705
725,0.77153814
726,0.76247174
727,0.7540524
728,0.7461298
729,0.7388309
730,0.73278236
731,0.72851956
732,0.7265862
733,0.7268964
734,0.7284531
735,0.73009443
736,0.7313038
737,0.73154306
738,0.72989887
739,0.72494334
740,0.71756995
741,0.7094675
742,0.70207244
743,0.69443744
744,0.68538094
745,0.6748611
746,0.6640836
747,0.6545496
748,0.646902
749,0.6412765
750,0.636869
751,0.63286716
752,0.62845427
753,0.62339246
754,0.618745
755,0.6155991
756,0.6160398
757,0.6193562
758,0.6246802
759,0.6284067
760,0.62893766
761,0.6241371
762,0.61441475
763,0.60169584
764,0.5892548
765,0.58012384
766,0.57520723
767,0.57487595
768,0.5786781
769,0.58630025
770,0.5965856
771,0.60760856
772,0.61751324
773,0.62534726
774,0.6307946
775,0.63364
776,0.6329674
777,0.6283203
778,0.61916125
779,0.6056912
780,0.5884716
781,0.5695851
782,0.55138284
783,0.5359148
784,0.52268445
785,0.51166844
786,0.5034571
787,0.4996872
788,0.5009099
789,0.50568885
790,0.5123847
791,0.51915413
792,0.52597785
793,0.53271145
794,0.5391748
795,0.54465646
796,0.5493971
797,0.55399984
798,0.5585465
799,0.56246996
800,0.56525594
801,0.5672829
802,0.56941813
803,0.5723641
804,0.5763945
805,0.5802152
806,0.58296216
807,0.5837301
808,0.5836172
809,0.5837777
810,0.585395
811,0.58831424
812,0.5919444
813,0.5947765
814,0.5961939
815,0.5954699
816,0.5936119
817,0.5910503
818,0.58869666
819,0.58645177
820,0.5840215
821,0.58090276
822,0.57732916
823,0.5743664
824,0.5728431
825,0.5728203
826,0.57373726
827,0.5751787
828,0.577042
829,0.57928056
830,0.5822043
831,0.5851908
832,0.58860224
833,0.59167445
834,0.59501004
835,0.59779406
836,0.60053754
837,0.60332537
838,0.6068813
839,0.61171246
840,0.61848974
841,0.6278602
842,0.6396471
843,0.6534561
844,0.6688053
845,0.6856375
846,0.70351696
847,0.8565438
848,1.1487027
849,1.5261563
850,1.764746
851,1.8590407
852,1.8610547
853,1.8601273
854,1.8572905
855,1.8542993
856,1.8515003
857,1.8488754
858,1.8462024
859,1.842984
860,1.8388367
861,1.8342083
862,1.8299632
863,1.8260379
864,1.8218279
865,1.8169606
866,1.812094
867,1.807733
868,1.8038591
869,1.8004091
870,1.7974386
871,1.7950876
872,1.7934699
873,1.7924826
874,1.791965
875,1.7917554
876,1.7918844
877,1.7923195
878,1.7929296
879,1.793504
880,1.7940278
881,1.7946672
882,1.7955906
883,1.7967968
884,1.7982001
885,1.7995906
886,1.8006392
887,1.8011007
888,1.801104
889,1.8004293
890,1.798904
891,1.7962322
892,1.792712
893,1.78875
894,1.7849367
895,1.7815502
896,1.7784798
897,1.7752836
898,1.7719183
899,1.7686545
900,1.7659037
901,1.7639043
902,1.7625442
903,1.7617023
904,1.761335
905,1.7616332
906,1.762413
907,1.7631371
908,1.7632904
909,1.7627987
910,1.7620466
911,1.7611587
912,1.7602922
913,1.7594374
914,1.759075
915,1.7594072
916,1.7606161
917,1.7624466
918,1.7646563
919,1.767029
920,1.7695088
921,1.7719262
922,1.7740431
923,1.7757144
924,1.7772682
925,1.7789721
926,1.780909
927,1.7830294
928,1.7854371
929,1.7882843
930,1.791338
931,1.7945404
932,1.7975358
933,1.8000335
934,1.8009739
935,1.7996154
936,1.7951909
937,1.7878484
938,1.7780597
939,1.76686
940,1.7550774
941,1.743535
942,1.7328917
943,1.7235227
944,1.7152193
945,1.7074482
946,1.6999961
947,1.6930788
948,1.6873324
949,1.6832702
950,1.6812932
951,1.6811666
952,1.6823604
953,1.6844935
954,1.6875134
955,1.6915355
956,1.696839
957,1.7039886
958,1.7135239
959,1.7249072
960,1.7370963
961,1.7491448
962,1.7605287
963,1.7706537
964,1.7791152
965,1.7862186
966,1.7928424
967,1.7995297
968,1.8064227
969,1.8139273
970,1.8225896
971,1.8330197
972,1.8447642
973,1.8575585
974,1.871069
975,1.8847597
976,1.8973298
977,1.9071269
978,1.9139602
979,1.9185078
980,1.9220724
981,1.9249446
982,1.9270008
983,1.9277041
984,1.9271843
985,1.9258399
986,1.9242034
987,1.9223347
988,1.9200969
989,1.9175749
990,1.915062
991,1.9129121
992,1.9114289
993,1.9106627
994,1.9107523
995,1.911634
996,1.9134539
997,1.9163287
998,1.9202716
999,1.9251173
1000,1.9304078
1001,1.9359205
1002,1.9415526
1003,1.9473851
1004,1.9533577
1005,1.9594314
1006,1.9655111
1007,1.97152
1008,1.9773558
1009,1.9830985
1010,1.9886463
1011,1.993752
1012,1.9981408
1013,2.0019565
1014,2.0056446
1015,2.0092943
1016,2.0126886
1017,2.0152647
1018,2.016919
1019,2.0177271
1020,2.0180073
1021,2.0180664
1022,2.0181775
1023,2.0185754
1024,2.0194821
1025,2.0211253
1026,2.0236971
1027,2.0270934
1028,2.0310805
1029,2.0355775
1030,2.0404763
1031,2.0457568
1032,2.0511434
1033,2.0565062
1034,2.0616615
1035,2.066515
1036,2.0711803
1037,2.075873
1038,2.080786
1039,2.0856404
1040,2.0897706
1041,2.0925725
1042,2.0935023
1043,2.0925367
1044,2.0896077
1045,2.0850766
1046,2.079406
1047,2.073298
1048,2.0675395
1049,2.0626314
1050,2.0587904
1051,2.0558984
1052,2.0539773
1053,2.0531735
1054,2.0537848
1055,2.0558755
1056,2.0593252
1057,2.0635805
1058,2.0679243
1059,2.0717719
1060,2.0750825
1061,2.0780125
1062,2.080218
1063,2.0813482
1064,2.081214
1065,2.0804322
1066,2.079108
1067,2.0771558
1068,2.074362
1069,2.0708416
1070,2.0669963
1071,2.063305
1072,2.060257
1073,2.057953
1074,2.056122
1075,2.0545418
1076,2.0531468
1077,2.0518117
1078,2.050237
1079,2.048242
1080,2.0458279
1081,2.042621
1082,2.038324
1083,2.032809
1084,2.026784
1085,2.020505
1086,2.0139718
1087,2.0069544
1088,1.9996376
1089,1.9923825
1090,1.9854431
1091,1.9789941
1092,1.9730705
1093,1.9676524
1094,1.962602
1095,1.9576752
1096,1.952687
1097,1.9477687
1098,1.9434109
1099,1.940023
1100,1.9374888
1101,1.935561
1102,1.9340641
1103,1.9331465
1104,1.9327044
1105,1.9325912
1106,1.9326935
1107,1.9332519
1108,1.9346325
1109,1.936995
1110,1.9401696
1111,1.9436185
1112,1.9467921
1113,1.9492726
1114,1.9509592
1115,1.9514914
1116,1.9503376
1117,1.9467869
1118,1.9411288
1119,1.9337733
1120,1.92559
1121,1.9168671
1122,1.9081304
1123,1.8993979
1124,1.8904781
1125,1.8811567
1126,1.8715034
1127,1.8616173
1128,1.851588
1129,1.8413899
1130,1.8317361
1131,1.8231196
1132,1.8158097
1133,1.8092263
1134,1.8028309
1135,1.7963973
1136,1.7895699
1137,1.7820075
1138,1.7738228
1139,1.7659597
1140,1.7594174
1141,1.7541692
1142,1.7497655
1143,1.7453127
1144,1.7407397
1145,1.7362213
1146,1.7321866
1147,1.7284671
1148,1.7242754
1149,1.718756
1150,1.710973
1151,1.7005944
1152,1.6871531
1153,1.6708226
1154,1.6515753
1155,1.6301541
1156,1.6074798
1157,1.5839219
1158,1.5592742
1159,1.5328531
1160,1.5050807
1161,1.476997
1162,1.4495592
1163,1.4234346
1164,1.3991451
1165,1.3771605
1166,1.3572595
1167,1.3396978
1168,1.3250432
1169,1.3142503
1170,1.3071096
1171,1.3030925
1172,1.3001136
1173,1.2971126
1174,1.2955786
1175,1.3001027
1176,1.3132375
1177,1.3326459
1178,1.3544688
1179,1.3762723
1180,1.3981191
1181,1.4200709
1182,1.4421479
1183,1.4641225
1184,1.4857432
1185,1.5068073
1186,1.5275626
1187,1.5482532
1188,1.5691974
1189,1.5910649
1190,1.6145288
1191,1.6402824
1192,1.6681464
1193,1.6980069
1194,1.7294247
1195,1.7620245
1196,1.7953261
1197,1.8295352
1198,1.8649242
1199,1.9015408
1200,1.9377537
1201,1.9714875
1202,2.0010076
1203,2.0259664
1204,2.0469787
1205,2.0647974
1206,2.0805058
1207,2.0946784
1208,2.1075342
1209,2.117625
1210,2.1247964
1211,2.1296682
1212,2.1342719
1213,2.138484
1214,2.1413028
1215,2.1416368
1216,2.1400392
1217,2.1371408
1218,2.1329417
1219,2.1272306
1220,2.1199973
1221,2.1116428
1222,2.102018
1223,2.0911646
1224,2.0792332
1225,2.0665114
1226,2.053101
1227,2.0391657
1228,2.025051
1229,2.0110152
1230,1.9973743
1231,1.9843346
1232,1.9722278
1233,1.9611565
1234,1.951197
1235,1.9422567
1236,1.9340305
1237,1.9255862
1238,1.915848
1239,1.903687
1240,1.8892334
1241,1.8732951
1242,1.8576107
1243,1.8430071
1244,1.8301003
1245,1.8186935
1246,1.8092523
1247,1.8017879
1248,1.7964504
1249,1.7926822
1250,1.7897801
1251,1.7870907
1252,1.7841146
1253,1.7819337
1254,1.7818544
1255,1.7853115
1256,1.7915001
1257,1.79915
1258,1.8057262
1259,1.8091192
1260,1.807569
1261,1.8018786
1262,1.7940578
1263,1.7859123
1264,1.778422
1265,1.7718706
1266,1.7671015
1267,1.7642045
1268,1.7634536
1269,1.7641947
1270,1.7663786
1271,1.7702998
1272,1.7770096
1273,1.7866926
1274,1.7986658
1275,1.8119245
1276,1.8262038
1277,1.8416669
1278,1.8582337
1279,1.8754303
1280,1.8927901
1281,1.9101174
1282,1.9274178
1283,1.9446948
1284,1.9619999
1285,1.9794643
1286,1.99722
1287,2.0153043
1288,2.0335932
1289,2.0519617
1290,2.0703323
1291,2.0887074
1292,2.106097
1293,2.120115
1294,2.1284084
1295,2.1306095
1296,2.129875
1297,2.1296802
1298,2.1325066
1299,2.1379714
1300,2.1449513
1301,2.152325
1302,2.1597068
1303,2.1671002
1304,2.174507
1305,2.1817515
1306,2.1887603
1307,2.196284
1308,2.205424
1309,2.2170734
1310,2.2304726
1311,2.2446897
1312,2.2589018
1313,2.2731156
1314,2.2873394
1315,2.3019803
1316,2.3174975
1317,2.3339324
1318,2.350456
1319,2.3662033
1320,2.381232
1321,2.3962426
1322,2.4118757
1323,2.428171
1324,2.4450827
1325,2.462667
1326,2.4811177
1327,2.500337
1328,2.5202596
1329,2.5409138
1330,2.5625608
1331,2.5845034
1332,2.605231
1333,2.6234837
1334,2.6395943
1335,2.6549094
1336,2.668028
1337,2.6755486
1338,2.673909
1339,2.6643226
1340,2.6503356
1341,2.634296
1342,2.6156962
1343,2.5931475
1344,2.5672252
1345,2.539314
1346,2.5104384
1347,2.4807143
1348,2.4502027
1349,2.4195278
1350,2.3893616
1351,2.3602934
1352,2.3323255
1353,2.305375
1354,2.278785
1355,2.25241
1356,2.2261744
1357,2.2008674
1358,2.1769931
1359,2.155012
1360,2.1345768
1361,2.115311
1362,2.0970106
1363,2.0798714
1364,2.064249
1365,2.0499144
1366,2.036905
1367,2.0249667
1368,2.0134528
1369,2.0005882
1370,1.984737
1371,1.965771
1372,1.9448682
1373,1.923396
1374,1.9021482
1375,1.8814592
1376,1.8613214
1377,1.8418603
1378,1.8234308
1379,1.8065057
1380,1.7919736
1381,1.7804737
1382,1.7726915
1383,1.7675921
1384,1.7640386
1385,1.7614162
1386,1.7601765
1387,1.7608202
1388,1.7629154
1389,1.766087
1390,1.770247
1391,1.7757971
1392,1.782855
1393,1.7908978
1394,1.7990296
1395,1.8062768
1396,1.8117158
1397,1.8147777
1398,1.8154235
1399,1.814675
1400,1.813596
1401,1.8122137
1402,1.809486
1403,1.8044953
1404,1.7980832
1405,1.7911932
1406,1.7841998
1407,1.7765368
1408,1.7674515
1409,1.7562544
1410,1.7422243
1411,1.7263541
1412,1.7104185
1413,1.6960055
1414,1.6836634
1415,1.6731253
1416,1.6642513
1417,1.6566257
1418,1.6504514
1419,1.645925
1420,1.6431863
1421,1.6418569
1422,1.6415502
1423,1.6413157
1424,1.6398795
1425,1.6354777
1426,1.6276362
1427,1.616979
1428,1.6051635
1429,1.5924895
1430,1.5786796
1431,1.5630465
1432,1.5466863
1433,1.5308027
1434,1.5166793
1435,1.5038382
1436,1.4914112
1437,1.4781772
1438,1.46416
1439,1.4497491
1440,1.4354162
1441,1.4209839
1442,1.4061825
1443,1.3911442
1444,1.3763323
1445,1.3624995
1446,1.3499362
1447,1.3387567
1448,1.3287203
1449,1.3198099
1450,1.3116723
1451,1.3038082
1452,1.2967882
1453,1.2909267
1454,1.2868009
1455,1.283252
1456,1.2799894
1457,1.276742
1458,1.2736785
1459,1.2704115
1460,1.2665442
1461,1.2620927
1462,1.2576187
1463,1.2536793
1464,1.2502503
1465,1.2471006
1466,1.2439402
1467,1.2408596
1468,1.2379314
1469,1.2352087
1470,1.2325599
1471,1.2298063
1472,1.226747
1473,1.223561
1474,1.2201661
1475,1.2166076
1476,1.2127869
1477,1.2090871
1478,1.2060503
1479,1.2041526
1480,1.2033594
1481,1.202801
1482,1.2017374
1483,1.1999292
1484,1.1977723
1485,1.1953213
1486,1.1924757
1487,1.1893125
1488,1.1861312
1489,1.1837387
1490,1.1832441
1491,1.1856796
1492,1.1909673
1493,1.1982024
1494,1.2064462
1495,1.2154081
1496,1.2254262
1497,1.2367904
1498,1.2477584
1499,1.2556322
1500,1.2584357
1501,1.2584558
1502,1.258811
1503,1.262244
1504,1.2686825
1505,1.2777463
1506,1.2880576
1507,1.2982838
1508,1.3064976
1509,1.3111374
1510,1.3115685
1511,1.3090606
1512,1.3055587
1513,1.3032205
1514,1.3028163
1515,1.3049961
1516,1.3092047
1517,1.3145533
1518,1.320682
1519,1.3275557
1520,1.3356183
1521,1.3448031
1522,1.3551645
1523,1.3664223
1524,1.3779377
1525,1.3891014
1526,1.3990916
1527,1.4068692
1528,1.4114623
1529,1.4130554
1530,1.4124565
1531,1.4104722
1532,1.4073622
1533,1.4034426
1534,1.3988734
1535,1.3938541
1536,1.3884486
1537,1.3829722
1538,1.3776994
1539,1.3727517
1540,1.3680831
1541,1.3636383
1542,1.3594111
1543,1.3553716
1544,1.3516062
1545,1.3482003
1546,1.3452471
1547,1.3426883
1548,1.3405617
1549,1.3389965
1550,1.3383245
1551,1.3386613
1552,1.340091
1553,1.3420241
1554,1.343847
1555,1.3447567
1556,1.3446202
1557,1.3432761
1558,1.3404716
1559,1.3354142
1560,1.3273778
1561,1.3161504
1562,1.3025191
1563,1.2877624
1564,1.2732357
1565,1.2597315
1566,1.2475357
1567,1.2369313
1568,1.2280474
1569,1.2212758
1570,1.2163246
1571,1.2129788
1572,1.2107488
1573,1.2096409
1574,1.2096411
1575,1.2107806
1576,1.2125623
1577,1.2146426
1578,1.2167423
1579,1.219008
1580,1.2213454
1581,1.2235842
1582,1.2254266
1583,1.2265254
1584,1.226651
1585,1.2259705
1586,1.22489
1587,1.2239549
1588,1.2231388
1589,1.2226194
1590,1.2222544
1591,1.2224813
1592,1.2232927
1593,1.2247353
1594,1.2266062
1595,1.2289103
1596,1.2314986
1597,1.2339063
1598,1.2354676
1599,1.2361195
1600,1.2359533
1601,1.2354329
1602,1.2345723
1603,1.2332444
1604,1.2312821
1605,1.2283163
1606,1.2247541
1607,1.2207496
1608,1.2170748
1609,1.2137117
1610,1.211176
1611,1.2094786
1612,1.2089041
1613,1.2090836
1614,1.2096415
1615,1.2099025
1616,1.2092284
1617,1.2074473
1618,1.2046239
1619,1.2010785
1620,1.1963258
1621,1.1895522
1622,1.1799408
1623,1.1675203
1624,1.1537905
1625,1.1401749
1626,1.1277908
1627,1.116972
1628,1.1080709
1629,1.1012596
1630,1.0960833
1631,1.0922618
1632,1.0898845
1633,1.0887917
1634,1.0884186
1635,1.087575
1636,1.085474
1637,1.081623
1638,1.0763451
1639,1.070397
1640,1.0644617
1641,1.0588232
1642,1.0535518
1643,1.0486333
1644,1.0441169
1645,1.0398872
1646,1.0360175
1647,1.032513
1648,1.0294603
1649,1.0268246
1650,1.0243458
1651,1.021891
1652,1.0194738
1653,1.0169886
1654,1.0142934
1655,1.0111781
1656,1.0084606
1657,1.0067961
1658,1.0065507
1659,1.0075563
1660,1.0094228
1661,1.01206
1662,1.014785
1663,1.0174559
1664,1.0201225
1665,1.0234591
1666,1.0278587
1667,1.0333403
1668,1.039396
1669,1.0452121
1670,1.0496212
1671,1.0518537
1672,1.0519958
1673,1.0507041
1674,1.0490806
1675,1.0480055
1676,1.0479057
1677,1.0483948
1678,1.0486007
1679,1.0481224
1680,1.0470966
1681,1.0456953
1682,1.0441715
1683,1.0423195
1684,1.0403553
1685,1.0384115
1686,1.0366704
1687,1.0350926
1688,1.0333592
1689,1.0313408
1690,1.02883
1691,1.0265169
1692,1.0248874
1693,1.0247011
1694,1.0252726
1695,1.0263578
1696,1.0270541
1697,1.0267057
1698,1.0244229
1699,1.0193827
1700,1.0116105
1701,1.0004338
1702,0.986072
1703,0.96830964
1704,0.9478029
1705,0.9250064
1706,0.9007179
1707,0.8766705
1708,0.853332
1709,0.8309097
1710,0.8081476
1711,0.7855507
1712,0.76330966
1713,0.7418906
1714,0.7215982
1715,0.7027016
1716,0.68610036
1717,0.67113304
1718,0.6577339
1719,0.6449361
1720,0.6333072
1721,0.6232125
1722,0.61513907
1723,0.60879683
1724,0.6034123
1725,0.5988797
1726,0.5950923
1727,0.592428
1728,0.5899854
1729,0.5872812
1730,0.58388454
1731,0.58105785
1732,0.5794209
1733,0.5795175
1734,0.5805295
1735,0.5817677
1736,0.5822697
1737,0.58171076
1738,0.58047324
1739,0.57935584
1740,0.57920384
1741,0.57991856
1742,0.58101374
1743,0.5816864
1744,0.5817293
1745,0.5813994
1746,0.5811371
1747,0.58110195
1748,0.5811468
1749,0.58131945
1750,0.5819805
1751,0.58333933
1752,0.58482116
1753,0.58593875
1754,0.58560884
1755,0.5837778
1756,0.58000606
1757,0.5754174
1758,0.5707086
1759,0.5670244
1760,0.564871
1761,0.56479454
1762,0.5656725
1763,0.566533
1764,0.56594294
1765,0.56444186
1766,0.561735
1767,0.55836844
1768,0.5547236
1769,0.5514396
1770,0.54847145
1771,0.5451558
1772,0.54138666
1773,0.53792375
1774,0.5354886
1775,0.53445876
1776,0.53457814
1777,0.5359653
1778,0.538632
1779,0.54164475
1780,0.54300356
1781,0.5405977
1782,0.53408235
1783,0.5251144
1784,0.516164
1785,0.5083804
1786,0.5018929
1787,0.4962262
1788,0.49082488
1789,0.4858421
1790,0.4817394
1791,0.47950858
1792,0.47865176
1793,0.4781952
1794,0.4772218
1795,0.47604263
1796,0.47502738
1797,0.47518623
1798,0.4762705
1799,0.47835046
1800,0.480722
1801,0.48330802
1802,0.48536384
1803,0.48611975
1804,0.485523
1805,0.48399156
1806,0.6370322
1807,0.9476794
1808,1.4050348
1809,1.7101417
1810,1.859041
1811,1.8610547
1812,1.860127
1813,1.8572897
1814,1.8542985
1815,1.8514988
1816,1.8488741
1817,1.8462007
1818,1.842982
1819,1.8388339
1820,1.8342061
1821,1.8299608
1822,1.8260354
1823,1.8218243
1824,1.8169568
1825,1.8120902
1826,1.8077298
1827,1.8038563
1828,1.8004065
1829,1.7974362
1830,1.7950857
1831,1.7934686
1832,1.7924814
1833,1.791964
1834,1.7917552
1835,1.7918844
1836,1.79232
1837,1.7929299
1838,1.793504
1839,1.794028
1840,1.7946682
1841,1.7955925
1842,1.796799
1843,1.7982024
1844,1.7995926
1845,1.8006403
1846,1.801101
1847,1.8011038
1848,1.8004276
1849,1.7989006
1850,1.796226
1851,1.7927041
1852,1.7887411
1853,1.7849283
1854,1.7815428
1855,1.7784729
1856,1.7752762
1857,1.7719107
1858,1.7686472
1859,1.7658978
1860,1.7639002
1861,1.7625409
1862,1.7617002
1863,1.7613341
1864,1.7616343
1865,1.7624147
1866,1.7631378
1867,1.7632886
1868,1.7627957
1869,1.7620435
1870,1.7611561
1871,1.7602897
1872,1.7594359
1873,1.7590749
1874,1.7594094
1875,1.7606208
1876,1.7624533
1877,1.7646643
1878,1.7670376
1879,1.7695179
1880,1.7719345
1881,1.7740502
1882,1.7757199
1883,1.7772739
1884,1.7789788
1885,1.7809166
1886,1.7830386
1887,1.7854482
1888,1.7882962
1889,1.7913499
1890,1.7945526
1891,1.797548
1892,1.8000433
1893,1.8009751
1894,1.7996049
1895,1.795167
1896,1.787814
1897,1.7780168
1898,1.7668121
1899,1.755027
1900,1.7434869
1901,1.7328479
1902,1.7234845
1903,1.7151841
1904,1.7074151
1905,1.6999645
1906,1.6930519
1907,1.6873107
1908,1.6832571
1909,1.6812879
1910,1.6811695
1911,1.6823682
1912,1.6845057
1913,1.6875296
1914,1.6915562
1915,1.6968672
1916,1.7040274
1917,1.7135756
1918,1.724967
1919,1.7371588
1920,1.7492065
1921,1.7605854
1922,1.7707033
1923,1.7791556
1924,1.7862558
1925,1.7928782
1926,1.7995675
1927,1.8064611
1928,1.8139699
1929,1.8226395
1930,1.83308
1931,1.8448324
1932,1.8576338
1933,1.8711492
1934,1.8848404
1935,1.8974009
1936,1.9071779
1937,1.9139929
1938,1.91853
1939,1.9220917
1940,1.9249613
1941,1.9270108
1942,1.9277043
1943,1.9271765
1944,1.9258288
1945,1.924192
1946,1.922323
1947,1.9200821
1948,1.9175594
1949,1.9150474
1950,1.9129026
1951,1.9114237
1952,1.9106624
1953,1.9107566
1954,1.9116436
1955,1.9134712
1956,1.9163537
1957,1.9203041
1958,1.9251537
1959,1.9304459
1960,1.93596
1961,1.9415934
1962,1.947428
1963,1.9534013
1964,1.959476
1965,1.9655559
1966,1.9715643
1967,1.977399
1968,1.9831407
1969,1.9886869
1970,1.9937887
1971,1.9981725
1972,2.0019844
1973,2.0056727
1974,2.0093222
1975,2.0127144
1976,2.0152836
1977,2.0169303
1978,2.0177321
1979,2.0180085
1980,2.0180662
1981,2.0181782
1982,2.0185785
1983,2.0194905
1984,2.0211408
1985,2.023721
1986,2.027123
1987,2.0311143
1988,2.0356152
1989,2.0405173
1990,2.0458014
1991,2.051188
1992,2.056551
1993,2.0617032
1994,2.0665555
1995,2.07122
1996,2.0759156
1997,2.0808299
1998,2.085681
1999,2.089801
2000,2.09259
2001,2.0935044
2002,2.092524
2003,2.0895767
2004,2.0850308
2005,2.0793502
2006,2.073242
2007,2.0674903
2008,2.0625925
2009,2.058762
2010,2.0558767
2011,2.0539637
2012,2.053169
2013,2.053797
2014,2.0559027
2015,2.0593662
2016,2.0636256
2017,2.067968
2018,2.0718086
2019,2.075114
2020,2.0780396
2021,2.080239
2022,2.0813606
2023,2.0812163
2024,2.0804272
2025,2.0790946
2026,2.0771332
2027,2.0743294
2028,2.070802
2029,2.0669563
2030,2.0632708
2031,2.0602322
2032,2.0579336
2033,2.0561042
2034,2.0545247
2035,2.0531316
2036,2.0517957
2037,2.050217
2038,2.0482173
2039,2.0457938
2040,2.0425735
2041,2.0382597
2042,2.0327377
2043,2.0267124
2044,2.020436
2045,2.0138986
2046,2.0068758
2047,1.9995573
2048,1.992304
2049,1.9853683
2050,1.9789233
2051,1.9730049
2052,1.967592
2053,1.9625459
2054,1.9576201
2055,1.9526315
2056,1.947715
2057,1.9433644
2058,1.9399881
2059,1.9374614
2060,1.935539
2061,1.934046
2062,1.9331369
2063,1.9327016
2064,1.9325929
2065,1.9326982
2066,1.9332643
2067,1.9346569
2068,1.937031
2069,1.940213
2070,1.9436617
2071,1.9468294
2072,1.9493
2073,1.9509771
2074,1.9514954
2075,1.9503169
2076,1.946734
2077,1.9410441
2078,1.9336698
2079,1.9254777
2080,1.9167547
2081,1.9080212
2082,1.8992867
2083,1.8903625
2084,1.8810339
2085,1.8713768
2086,1.8614879
2087,1.8514562
2088,1.8412597
2089,1.8316152
2090,1.8230134
2091,1.8157179
2092,1.8091407
2093,1.8027455
2094,1.7963077
2095,1.7894716
2096,1.7818956
2097,1.773706
2098,1.7658513
2099,1.7593315
2100,1.7540998
2101,1.7497094
2102,1.7452542
2103,1.7406812
2104,1.7361596
2105,1.7321315
2106,1.7284107
2107,1.7242084
2108,1.7186575
2109,1.7108364
2110,1.7004166
2111,1.6869411
2112,1.6705751
2113,1.6512907
2114,1.6298403
2115,1.6071504
2116,1.5835792
2117,1.5589122
2118,1.5324608
2119,1.5046728
2120,1.4765866
2121,1.4491646
2122,1.4230641
2123,1.3988103
2124,1.3768597
2125,1.3569801
2126,1.3394451
2127,1.3248307
2128,1.3140976
2129,1.3070091
2130,1.3030365
2131,1.3000685
2132,1.2971011
2133,1.2956233
2134,1.3002794
2135,1.3135104
2136,1.3329809
2137,1.3548039
2138,1.3766088
2139,1.3984574
2140,1.4204122
2141,1.4424887
2142,1.4644597
2143,1.4860724
2144,1.5071326
2145,1.5278875
2146,1.5485814
2147,1.5695393
2148,1.5914319
2149,1.6149312
2150,1.6407146
2151,1.6686068
2152,1.698494
2153,1.7299387
2154,1.7625577
2155,1.7958729
2156,1.8300967
2157,1.8655059
2158,1.9021399
2159,1.9383371
2160,1.9720187
2161,2.001458
2162,2.0263453
2163,2.0473003
2164,2.0650775
2165,2.0807574
2166,2.0949075
2167,2.107741
2168,2.1177807
2169,2.1249053
2170,2.1297443
2171,2.1343527
2172,2.138561
2173,2.1413534
2174,2.1416366
2175,2.139996
2176,2.1370652
2177,2.1328435
2178,2.1271117
2179,2.11986
2180,2.1114867
2181,2.1018372
2182,2.0909622
2183,2.0790133
2184,2.06628
2185,2.0528567
2186,2.0389159
2187,2.0248
2188,2.0107672
2189,1.9971329
2190,1.9841045
2191,1.9720154
2192,1.960964
2193,1.9510255
2194,1.9421034
2195,1.933887
2196,1.925432
2197,1.9156554
2198,1.9034394
2199,1.8889408
2200,1.8729934
2201,1.857327
2202,1.8427511
2203,1.8298702
2204,1.8184881
2205,1.8090851
2206,1.8016592
2207,1.7963632
2208,1.7926154
2209,1.7897222
2210,1.7870297
2211,1.7840519
2212,1.7818935
2213,1.7818613
2214,1.7853899
2215,1.7916262
2216,1.7992876
2217,1.8058181
2218,1.8091298
2219,1.8074898
2220,1.8017409
2221,1.7939005
2222,1.7857561
2223,1.7782755
2224,1.7717395
2225,1.7670072
2226,1.7641532
2227,1.7634504
2228,1.7642181
2229,1.7664282
2230,1.7703876
2231,1.7771609
2232,1.7869065
2233,1.7989173
2234,1.8121984
2235,1.8264971
2236,1.8419881
2237,1.8585731
2238,1.8757789
2239,1.8931389
2240,1.9104669
2241,1.9277673
2242,1.945045
2243,1.9623532
2244,1.9798236
2245,1.9975879
2246,2.0156784
2247,2.0339704
2248,2.0523398
2249,2.0707111
2250,2.0890872
2251,2.1064265
2252,2.1203449
2253,2.1284902
2254,2.1305962
2255,2.1298387
2256,2.129693
2257,2.13259
2258,2.1381023
2259,2.1451066
2260,2.1524808
2261,2.1598635
2262,2.167257
2263,2.174664
2264,2.1818926
2265,2.1889017
2266,2.1964424
2267,2.2056477
2268,2.2173467
2269,2.230779
2270,2.2449963
2271,2.259209
2272,2.273424
2273,2.2876484
2274,2.3023005
2275,2.317839
2276,2.3342927
2277,2.350816
2278,2.366545
2279,2.381562
2280,2.3965755
2281,2.4122252
2282,2.4285343
2283,2.4454603
2284,2.4630616
2285,2.4815347
2286,2.5007718
2287,2.5207117
2288,2.541385
2289,2.5630581
2290,2.584995
2291,2.6056812
2292,2.6238644
2293,2.6399388
2294,2.6552489
2295,2.6683009
2296,2.6756644
2297,2.6737902
2298,2.6640532
2299,2.6499906
2300,2.6339126
2301,2.6152337
2302,2.5925868
2303,2.566597
2304,2.538651
2305,2.509757
2306,2.480015
2307,2.449491
2308,2.41882
2309,2.3886764
2310,2.359637
2311,2.3316948
2312,2.3047569
2313,2.2781677
2314,2.2517924
2315,2.2255685
2316,2.2002935
2317,2.1764627
2318,2.1545172
2319,2.134109
2320,2.114861
2321,2.096583
2322,2.0794709
2323,2.0638819
2324,2.0495822
2325,2.0366082
2326,2.024704
2327,2.0131812
2328,2.000265
2329,1.9843163
2330,1.9652812
2331,1.9443421
2332,1.9228735
2333,1.901639
2334,1.8809624
2335,1.8608353
2336,1.8413935
2337,1.8229964
2338,1.8061097
2339,1.7916323
2340,1.7802033
2341,1.7725129
2342,1.7674751
2343,1.763968
2344,1.7613783
2345,1.7601874
2346,1.7608666
2347,1.762988
2348,1.7661765
2349,1.7703698
2350,1.7759566
2351,1.7830526
2352,1.7911081
2353,1.799234
2354,1.8064389
2355,1.8118198
2356,1.8148088
2357,1.8154093
2358,1.8146412
2359,1.8135746
2360,1.8121853
2361,1.809422
2362,1.8043711
2363,1.7979145
2364,1.791006
2365,1.784004
2366,1.776314
2367,1.7671819
2368,1.755899
2369,1.7418072
2370,1.7259085
2371,1.7100105
2372,1.6956545
2373,1.6833701
2374,1.6728837
2375,1.6640439
2376,1.6564558
2377,1.6503173
2378,1.6458404
2379,1.6431396
2380,1.6418428
2381,1.6415514
2382,1.6413093
2383,1.6398222
2384,1.6353271
2385,1.627394
2386,1.6166768
2387,1.6048454
2388,1.5921533
2389,1.5783112
2390,1.5626341
2391,1.5462632
2392,1.5304012
2393,1.5163212
2394,1.5035012
2395,1.4910684
2396,1.4778042
2397,1.4637644
2398,1.4493496
2399,1.4350182
2400,1.4205848
2401,1.4057679
2402,1.3907281
2403,1.3759243
2404,1.3621252
2405,1.3495948
2406,1.3384559
2407,1.32845
2408,1.319579
2409,1.311449
2410,1.3035954
2411,1.2965798
2412,1.2907495
2413,1.2866573
2414,1.2831367
2415,1.2798873
2416,1.2766458
2417,1.2735707
2418,1.270296
2419,1.2664101
2420,1.2619605
2421,1.2574959
2422,1.253576
2423,1.2501513
2424,1.2470043
2425,1.2438421
2426,1.2407708
2427,1.2378474
2428,1.2351305
2429,1.2324812
2430,1.2297232
2431,1.2266573
2432,1.2234666
2433,1.2200634
2434,1.2164961
2435,1.2126727
2436,1.2089844
2437,1.2059722
2438,1.2041061
2439,1.2033355
2440,1.2027793
2441,1.2016975
2442,1.1998711
2443,1.1976992
2444,1.1952343
2445,1.1923798
2446,1.1892171
2447,1.1860448
2448,1.183691
2449,1.1832637
2450,1.1857983
2451,1.191162
2452,1.1984471
2453,1.2067162
2454,1.2156997
2455,1.2257564
2456,1.2371047
2457,1.2479981
2458,1.2557061
2459,1.2584162
2460,1.2584264
2461,1.2588702
2462,1.262387
2463,1.2689055
2464,1.2780354
2465,1.2883835
2466,1.2985799
2467,1.3066971
2468,1.3111947
2469,1.3115088
2470,1.3089504
2471,1.3054535
2472,1.3031641
2473,1.302811
2474,1.3050708
2475,1.3093485
2476,1.314742
2477,1.3209016
2478,1.3277874
2479,1.3358822
2480,1.3450971
2481,1.3554981
2482,1.3667758
2483,1.3782903
2484,1.389437
2485,1.3993764
2486,1.4070721
2487,1.4115515
2488,1.4130685
2489,1.4124166
2490,1.410408
2491,1.4072635
2492,1.4033173
2493,1.3987236
2494,1.3936872
2495,1.3882725
2496,1.3827988
2497,1.3775345
2498,1.3725934
2499,1.36793
2500,1.3634939
2501,1.3592771
2502,1.3552458
2503,1.3514892
2504,1.3480941
2505,1.3451551
2506,1.3426111
2507,1.3405032
2508,1.3389609
2509,1.3383168
2510,1.338685
2511,1.3401396
2512,1.3420774
2513,1.343882
2514,1.3447614
2515,1.3445939
2516,1.3432144
2517,1.3403492
2518,1.3351965
2519,1.3270366
2520,1.3157082
2521,1.3020204
2522,1.287265
2523,1.272769
2524,1.2593088
2525,1.247153
2526,1.2365956
2527,1.2277621
2528,1.2210596
2529,1.2161671
2530,1.2128758
2531,1.2106885
2532,1.2096239
2533,1.2096663
2534,1.2108299
2535,1.2126195
2536,1.2147021
2537,1.2168088
2538,1.2190859
2539,1.2214218
2540,1.2236543
2541,1.2254813
2542,1.2265574
2543,1.2266524
2544,1.2259426
2545,1.224852
2546,1.2239208
2547,1.2231169
2548,1.2226081
2549,1.2222561
2550,1.2225062
2551,1.2233384
2552,1.2247994
2553,1.2266852
2554,1.2290032
2555,1.2315944
2556,1.2339686
2557,1.2354927
2558,1.2361083
2559,1.235938
2560,1.2354125
2561,1.2345426
2562,1.2331975
2563,1.2312052
2564,1.2282029
2565,1.2246188
2566,1.2206123
2567,1.2169684
2568,1.2136205
2569,1.2111143
2570,1.209439
2571,1.2089
2572,1.2090955
2573,1.2096555
2574,1.2098918
2575,1.2091814
2576,1.2073524
2577,1.2044933
2578,1.2009103
2579,1.1960934
2580,1.1892289
2581,1.1795079
2582,1.1670269
2583,1.153284
2584,1.1397028
2585,1.1273836
2586,1.116639
2587,1.1078283
2588,1.1010636
2589,1.0959276
2590,1.0921342
2591,1.0898144
2592,1.0887594
2593,1.0883969
2594,1.0875165
2595,1.0853567
2596,1.0814416
2597,1.0761276
2598,1.0701736
2599,1.0642488
2600,1.0586272
2601,1.0533669
2602,1.0484642
2603,1.0439434
2604,1.039719
2605,1.0358499
2606,1.0323715
2607,1.0293372
2608,1.0267229
2609,1.024251
2610,1.0218021
2611,1.0194006
2612,1.016926
2613,1.0142356
2614,1.0111032
2615,1.0083928
2616,1.0067602
2617,1.0065775
2618,1.0076318
2619,1.0095327
2620,1.0121682
2621,1.0148857
2622,1.0175431
2623,1.0202211
2624,1.0235896
2625,1.028048
2626,1.0335822
2627,1.039676
2628,1.0455989
2629,1.050176
2630,1.0527003
2631,1.0531595
2632,1.0522908
2633,1.051043
2634,1.0498534
2635,1.04902
2636,1.0482516
2637,1.0474242
2638,1.0465168
2639,1.0456239
2640,1.044601
2641,1.0430261
2642,1.0409808
2643,1.0388782
2644,1.0372069
2645,1.0358644
2646,1.0346134
2647,1.0333596
2648,1.0321665
2649,1.0311854
2650,1.0304245
2651,1.0298545
2652,1.0293655
2653,1.0291923
2654,1.0293715
2655,1.0296227
2656,1.0292168
2657,1.0279816
2658,1.0260429
2659,1.0234215
2660,1.0198009
2661,1.0151925
2662,1.0099862
2663,1.0042036
2664,0.99745655
2665,0.989678
2666,0.98205835
2667,0.9756387
2668,0.9703499
2669,0.9653088
2670,0.96042097
2671,0.95656955
2672,0.95437276
2673,0.9534468
2674,0.95323086
2675,0.9533106
2676,0.95335937
2677,0.9529764
2678,0.95192325
2679,0.95052177
2680,0.9489968
2681,0.94751203
2682,0.945853
2683,0.9438982
2684,0.9414711
2685,0.93858355
2686,0.9354017
2687,0.9324533
2688,0.93003637
2689,0.9280275
2690,0.925985
2691,0.9238918
2692,0.9221363
2693,0.920896
2694,0.9200757
2695,0.91921985
2696,0.9180826
2697,0.91648126
2698,0.9144572
2699,0.9120935
2700,0.9093473
2701,0.9060664
2702,0.90225863
2703,0.89754033
2704,0.89184344
2705,0.8845557
2706,0.87612045
2707,0.8666619
2708,0.85717964
2709,0.84809136
2710,0.8396324
2711,0.83147347
2712,0.82381237
2713,0.8170545
2714,0.81208956
2715,0.80915785
2716,0.8087502
2717,0.81078756
2718,0.8150202
2719,0.82092035
2720,0.82765186
2721,0.834237
2722,0.8398112
2723,0.8441489
2724,0.8479899
2725,0.8515158
2726,0.85468763
2727,0.8570858
2728,0.859349
2729,0.8619356
2730,0.86499953
2731,0.8680878
2732,0.87104535
2733,0.87381715
2734,0.87637866
2735,0.8780807
2736,0.87840843
2737,0.87671113
2738,0.8734726
2739,0.8692568
2740,0.8649749
2741,0.8610942
2742,0.8577422
2743,0.8548403
2744,0.85199684
2745,0.84878504
2746,0.8449187
2747,0.8404695
2748,0.83609974
2749,0.83214027
2750,0.8286005
2751,0.82518524
2752,0.8219979
2753,0.81922925
2754,0.81693065
2755,0.8151397
2756,0.81382674
2757,0.81303906
2758,0.8127769
2759,0.8130806
2760,0.8140079
2761,0.8156891
2762,0.81838727
2763,0.8222701
2764,0.8269578
2765,0.8317324
2766,0.8360555
2767,0.83896446
2768,0.8399436
2769,0.83835244
2770,0.83499676
2771,0.83102083
2772,0.8277594
2773,0.82579947
2774,0.8247007
2775,0.82379913
2776,0.8225707
2777,0.8212062
2778,0.81986654
2779,0.8188106
2780,0.8181486
2781,0.8182477
2782,0.81914735
2783,0.8205501
2784,0.82186776
2785,0.8228125
2786,0.82345355
2787,0.82395524
2788,0.8243972
2789,0.8248434
2790,0.82556605
2791,0.8267027
2792,0.8284758
2793,0.83095
2794,0.83384645
2795,0.83650786
2796,0.8382927
2797,0.83913165
2798,0.8391471
2799,0.8381744
2800,0.83624613
2801,0.83354294
2802,0.83054775
2803,0.8272988
2804,0.8236836
2805,0.81939006
2806,0.81429964
2807,0.80836695
2808,0.8018559
2809,0.7951731
2810,0.7887676
2811,0.7830647
2812,0.7781445
2813,0.774396
2814,0.77191967
2815,0.7711273
2816,0.77163625
2817,0.7734612
2818,0.7761388
2819,0.7796572
2820,0.7836436
2821,0.788008
2822,0.7923387
2823,0.79625654
2824,0.79960585
2825,0.8026383
2826,0.80563045
2827,0.80844635
2828,0.81070006
2829,0.8123206
2830,0.8134255
2831,0.81446815
2832,0.81553733
2833,0.8169797
2834,0.81902385
2835,0.82192016
2836,0.8253749
2837,0.82859933
2838,0.83087444
2839,0.83181745
2840,0.8316678
2841,0.8307259
2842,0.82898366
2843,0.8265861
2844,0.82380843
2845,0.8215696
2846,0.82033575
2847,0.820257
2848,0.8215021
2849,0.8241636
2850,0.8285104
2851,0.8336637
2852,0.8387816
2853,0.8428575
2854,0.8460463
2855,0.8487837
2856,0.8516077
2857,0.8546283
2858,0.8580256
2859,0.86171156
2860,0.86535126
2861,0.8684044
2862,0.8706503
2863,0.8721984
2864,0.8726825
2865,0.87210464
2866,0.87048525
2867,0.8683208
2868,0.8657435
2869,0.8622298
2870,0.85722876
2871,0.8501029
2872,0.84156394
2873,0.8323896
2874,0.82304543
2875,0.8134271
2876,0.80344266
2877,0.7936169
2878,0.78360313
2879,0.772725
2880,0.759905
2881,0.7449173
2882,0.72782874
2883,0.7096183
2884,0.69112486
2885,0.67345554
2886,0.65647554
2887,0.6401154
2888,0.6243781
2889,0.61007595
2890,0.5980438
2891,0.58915424
2892,0.5833635
2893,0.58042854
2894,0.5788522
2895,0.5778321
2896,0.576588
2897,0.57526207
2898,0.5742333
2899,0.5736282
2900,0.5736438
2901,0.57384986
2902,0.5735271
2903,0.57151395
2904,0.5670995
2905,0.5610358
2906,0.5547363
2907,0.54971886
2908,0.5465358
2909,0.54509395
2910,0.54490066
2911,0.5452023
2912,0.5453487
2913,0.5447062
2914,0.5429544
2915,0.54011387
2916,0.5364716
2917,0.53268826
2918,0.5292168
2919,0.5262847
2920,0.52391267
2921,0.52212447
2922,0.5212032
2923,0.5206245
2924,0.51976264
2925,0.5177461
2926,0.51546025
2927,0.5141543
2928,0.5149932
2929,0.51734376
2930,0.51983285
2931,0.5206419
2932,0.51866496
2933,0.51396
2934,0.5085291
2935,0.50505906
2936,0.50465435
2937,0.50603783
2938,0.5065893
2939,0.5054632
2940,0.50317496
2941,0.50080574
2942,0.4987746
2943,0.49741775
2944,0.49723345
2945,0.49829906
2946,0.5003537
2947,0.5029223
2948,0.50553715
2949,0.5075591
2950,0.5086941
2951,0.5085447
2952,0.50729805
2953,0.5049087
2954,0.5025028
2955,0.50107527
2956,0.5012176
2957,0.5027302
2958,0.5052586
2959,0.5081253
2960,0.509985
2961,0.50866354
2962,0.5043882
2963,0.49894446
2964,0.49554098
2965,0.4955039
2966,0.49806964
2967,0.50146204
2968,0.50353456
2969,0.50387716
2970,0.5027691
2971,0.50170404
2972,0.50176865
2973,0.50387305
2974,0.5083501
2975,0.5145218
2976,0.5210185
2977,0.52595156
2978,0.52833885
2979,0.5287758
2980,0.5286071
2981,0.5290329
2982,0.5292433
2983,0.68015033
2984,0.9816518
2985,1.4234357
2986,1.7162852
2987,1.8590424
2988,1.8610541
2989,1.8601234
2990,1.8572853
2991,1.8542936
2992,1.8514942
2993,1.848869
2994,1.8461938
2995,1.8429716
2996,1.8388188
2997,1.8341919
2998,1.829947
2999,1.8260218
3000,1.8218045
3001,1.8169336
3002,1.8120666
3003,1.8077072
3004,1.8038349
3005,1.8003869
3006,1.7974198
3007,1.7950741
3008,1.793461
3009,1.7924776
3010,1.791962
3011,1.7917554
3012,1.791887
3013,1.792325
3014,1.7929356
3015,1.7935085
3016,1.7940326
3017,1.7946744
3018,1.7956021
3019,1.7968118
3020,1.7982178
3021,1.7996063
3022,1.8006487
3023,1.8011023
3024,1.8011022
3025,1.8004143
3026,1.7988765
3027,1.7961848
3028,1.7926562
3029,1.7886875
3030,1.7848792
3031,1.7814989
3032,1.7784315
3033,1.7752297
3034,1.7718599
3035,1.7685976
3036,1.7658564
3037,1.7638713
3038,1.762521
3039,1.7616885
3040,1.7613304
3041,1.7616427
3042,1.7624254
3043,1.7631416
3044,1.7632787
3045,1.7627795
3046,1.7620237
3047,1.7611365
3048,1.7602699
3049,1.759423
3050,1.7590737
3051,1.7594244
3052,1.7606528
3053,1.7624967
3054,1.7647144
3055,1.7670901
3056,1.7695739
3057,1.7719879
3058,1.774096
3059,1.7757571
3060,1.7773104
3061,1.7790201
3062,1.7809651
3063,1.783098
3064,1.7855209
3065,1.7883773
3066,1.7914305
3067,1.7946341
3068,1.7976258
3069,1.8001072
3070,1.8009834
3071,1.7995391
3072,1.7950101
3073,1.7875879
3074,1.7777321
3075,1.7664939
3076,1.7546928
3077,1.7431642
3078,1.7325561
3079,1.72323
3080,1.7149515
3081,1.707195
3082,1.6997536
3083,1.6928723
3084,1.6871706
3085,1.6831752
3086,1.6812565
3087,1.6811881
3088,1.6824238
3089,1.6845982
3090,1.6876576
3091,1.6917074
3092,1.6970608
3093,1.7042835
3094,1.7139167
3095,1.7253606
3096,1.737569
3097,1.7496111
3098,1.7609563
3099,1.7710273
3100,1.7794185
3101,1.7864962
3102,1.7931159
3103,1.7998171
3104,1.8067157
3105,1.8142502
3106,1.8229678
3107,1.8334792
3108,1.8452843
3109,1.8581284
3110,1.8716772
3111,1.885371
3112,1.8978682
3113,1.9075129
3114,1.9142087
3115,1.9186766
3116,1.9222217
3117,1.9250715
3118,1.9270778
3119,1.927706
3120,1.9271247
3121,1.9257555
3122,1.924115
3123,1.9222407
3124,1.9199786
3125,1.9174516
3126,1.9149457
3127,1.9128335
3128,1.9113853
3129,1.9106596
3130,1.9107845
3131,1.9117057
3132,1.9135838
3133,1.9165173
3134,1.9205201
3135,1.9253962
3136,1.930701
3137,1.9362202
3138,1.9418626
3139,1.9477102
3140,1.9536893
3141,1.9597696
3142,1.9658492
3143,1.9718546
3144,1.9776845
3145,1.9834216
3146,1.9889562
3147,1.9940319
3148,1.9983854
3149,2.0021772
3150,2.0058641
3151,2.0095103
3152,2.0128834
3153,2.0154066
3154,2.0170035
3155,2.0177643
3156,2.0180163
3157,2.0180662
3158,2.018184
3159,2.0186021
3160,2.0195475
3161,2.0212414
3162,2.0238767
3163,2.0273187
3164,2.0313396
3165,2.0358667
3166,2.0407913
3167,2.0460966
3168,2.0514834
3169,2.0568469
3170,2.0619807
3171,2.0668247
3172,2.0714824
3173,2.076195
3174,2.081117
3175,2.0859473
3176,2.090001
3177,2.0927048
3178,2.0935175
3179,2.0924385
3180,2.0893674
3181,2.08472
3182,2.0789695
3183,2.0728607
3184,2.067161
3185,2.062333
3186,2.0585728
3187,2.0557318
3188,2.053872
3189,2.0531414
3190,2.053876
3191,2.0560825
3192,2.0596392
3193,2.0639262
3194,2.0682588
3195,2.072053
3196,2.0753217
3197,2.078201
3198,2.0803397
3199,2.0813875
3200,2.081196
3201,2.0803745
3202,2.0790045
3203,2.07698
3204,2.0741131
3205,2.0705414
3206,2.0666935
3207,2.0630474
3208,2.0600688
3209,2.057806
3210,2.0559883
3211,2.0544133
3212,2.053033
3213,2.0516927
3214,2.0500865
3215,2.0480542
3216,2.0455716
3217,2.0422647
3218,2.0378404
3219,2.0322726
3220,2.0262465
3221,2.0199838
3222,2.013415
3223,2.0063543
3224,1.9990215
3225,1.9917815
3226,1.9848742
3227,1.9784589
3228,1.9725773
3229,1.9671978
3230,1.9621754
3231,1.9572561
3232,1.9522607
3233,1.9473598
3234,1.9430568
3235,1.9397595
3236,1.9372902
3237,1.9354117
3238,1.933949
3239,1.9330866
3240,1.9326861
3241,1.9326017
3242,1.9327252
3243,1.9333391
3244,1.9348092
3245,1.9372644
3246,1.9404962
3247,1.9439418
3248,1.9470673
3249,1.9494703
3250,1.951055
3251,1.9514527
3252,1.9500835
3253,1.9463224
3254,1.9404554
3255,1.9329882
3256,1.9247377
3257,1.9160135
3258,1.9073002
3259,1.8985527
3260,1.889591
3261,1.8802088
3262,1.8705193
3263,1.860621
3264,1.8505805
3265,1.8404093
3266,1.8308322
3267,1.8223386
3268,1.8151367
3269,1.8085964
3270,1.8021908
3271,1.7957182
3272,1.7888211
3273,1.7811573
3274,1.7729369
3275,1.7651405
3276,1.7587678
3277,1.7536445
3278,1.7493393
3279,1.7448695
3280,1.7403009
3281,1.7357657
3282,1.7317796
3283,1.728049
3284,1.7237711
3285,1.7180138
3286,1.7099408
3287,1.6992512
3288,1.6855502
3289,1.6689498
3290,1.6494181
3291,1.6277747
3292,1.6049814
3293,1.581317
3294,1.5565153
3295,1.5298576
3296,1.5019711
3297,1.4738756
3298,1.4465659
3299,1.4206293
3300,1.3966122
3301,1.3748868
3302,1.355147
3303,1.3377851
3304,1.3234317
3305,1.3131547
3306,1.3064711
3307,1.3028563
3308,1.2998953
3309,1.2970898
3310,1.2959182
3311,1.3014437
3312,1.3153086
3313,1.3351843
3314,1.3570095
3315,1.3788226
3316,1.4006861
3317,1.422662
3318,1.4447374
3319,1.4666824
3320,1.488241
3321,1.5092727
3322,1.5300243
3323,1.5507405
3324,1.5717912
3325,1.5938469
3326,1.6175807
3327,1.643559
3328,1.6716352
3329,1.7016959
3330,1.7333186
3331,1.7660627
3332,1.7994931
3333,1.8338392
3334,1.8694081
3335,1.9061313
3336,1.9421986
3337,1.9755096
3338,2.0044057
3339,2.028807
3340,2.0493684
3341,2.066883
3342,2.0823917
3343,2.0964124
3344,2.109091
3345,2.118783
3346,2.1255896
3347,2.1302233
3348,2.1348035
3349,2.138921
3350,2.141466
3351,2.1414888
3352,2.1396384
3353,2.1365669
3354,2.1321967
3355,2.126332
3356,2.1189601
3357,2.1104627
3358,2.1006477
3359,2.08963
3360,2.0775652
3361,2.0647547
3362,2.0512478
3363,2.0372736
3364,2.0231519
3365,2.0091443
3366,1.995549
3367,1.9825925
3368,1.9706163
3369,1.9596982
3370,1.9498975
3371,1.9410958
3372,1.9329398
3373,1.9244149
3374,1.9143858
3375,1.9018116
3376,1.8870199
3377,1.8710151
3378,1.8554629
3379,1.8410671
3380,1.8283494
3381,1.8171213
3382,1.8079593
3383,1.8007817
3384,1.7957692
3385,1.7921684
3386,1.7893436
3387,1.7866299
3388,1.783638
3389,1.7816291
3390,1.7819096
3391,1.7859075
3392,1.7924576
3393,1.8001924
3394,1.8064036
3395,1.8091562
3396,1.806903
3397,1.8007908
3398,1.7928421
3399,1.7847474
3400,1.7773544
3401,1.770942
3402,1.766432
3403,1.7638366
3404,1.763428
3405,1.7644167
3406,1.7668467
3407,1.7711039
3408,1.7782497
3409,1.7883618
3410,1.8005745
3411,1.8139992
3412,1.8284234
3413,1.8441002
3414,1.8608088
3415,1.8780766
3416,1.8954375
3417,1.9127672
3418,1.9300694
3419,1.9473493
3420,1.9646773
3421,1.9821858
3422,2.0000057
3423,2.0181348
3424,2.0364492
3425,2.0548244
3426,2.0732024
3427,2.091585
3428,2.1085956
3429,2.1218626
3430,2.129033
3431,2.1305108
3432,2.129601
3433,2.1297793
3434,2.1331427
3435,2.138967
3436,2.146129
3437,2.1535065
3438,2.1608927
3439,2.1682904
3440,2.1757014
3441,2.1828244
3442,2.1898344
3443,2.197481
3444,2.2071192
3445,2.2191434
3446,2.2327945
3447,2.2470152
3448,2.2612321
3449,2.2754524
3450,2.2897103
3451,2.3044615
3452,2.3201652
3453,2.3367183
3454,2.3532174
3455,2.3688047
3456,2.383754
3457,2.3987916
3458,2.4145405
3459,2.4309344
3460,2.447948
3461,2.4656618
3462,2.4842765
3463,2.5036318
3464,2.5236864
3465,2.544483
3466,2.5663273
3467,2.588227
3468,2.6086648
3469,2.6264153
3470,2.6422498
3471,2.6574802
3472,2.6700442
3473,2.676378
3474,2.6729825
3475,2.6622827
3476,2.647722
3477,2.63139
3478,2.6121888
3479,2.588897
3480,2.5624673
3481,2.5342908
3482,2.5052717
3483,2.4754083
3484,2.4448018
3485,2.4141574
3486,2.3841598
3487,2.3553002
3488,2.3275259
3489,2.300653
3490,2.274079
3491,2.247704
3492,2.2215867
3493,2.196519
3494,2.1729732
3495,2.151258
3496,2.1310267
3497,2.1118934
3498,2.0937629
3499,2.076829
3500,2.0614626
3501,2.0473914
3502,2.0346546
3503,2.0229774
3504,2.0113976
3505,1.9981512
3506,1.9815733
3507,1.9620945
3508,1.9409057
3509,1.919451
3510,1.8982887
3511,1.877692
3512,1.8576369
3513,1.8383243
3514,1.8201423
3515,1.8035398
3516,1.7894504
3517,1.778518
3518,1.7714002
3519,1.7667396
3520,1.7635067
3521,1.7611303
3522,1.7602587
3523,1.7611732
3524,1.7634662
3525,1.7667687
3526,1.771183
3527,1.7770135
3528,1.7843392
3529,1.792455
3530,1.8005216
3531,1.8074651
3532,1.8124819
3533,1.8150101
3534,1.81532
3535,1.8144279
3536,1.8134028
3537,1.8119111
3538,1.8088566
3539,1.8034434
3540,1.7967471
3541,1.7897695
3542,1.7827182
3543,1.7748535
3544,1.7654138
3545,1.7536013
3546,1.739143
3547,1.723094
3548,1.7074058
3549,1.6933882
3550,1.6814113
3551,1.6712279
3552,1.6625738
3553,1.655265
3554,1.6493971
3555,1.64528
3556,1.6428308
3557,1.6417499
3558,1.6415448
3559,1.6412218
3560,1.6393697
3561,1.6342629
3562,1.6257555
3563,1.6146708
3564,1.6027076
3565,1.5898616
3566,1.5757716
3567,1.5598462
3568,1.5434424
3569,1.527777
3570,1.5139697
3571,1.5012717
3572,1.488757
3573,1.4753059
3574,1.4611421
3575,1.4467353
3576,1.4324235
3577,1.4179716
3578,1.4030436
3579,1.3879842
3580,1.3732615
3581,1.3597088
3582,1.3474138
3583,1.3365138
3584,1.3266895
3585,1.3180737
3586,1.3100106
3587,1.3023098
3588,1.2953991
3589,1.289851
3590,1.2858913
3591,1.2824707
3592,1.2792342
3593,1.2760447
3594,1.2729038
3595,1.2695646
3596,1.2655416
3597,1.2610886
3598,1.2567141
3599,1.2529488
3600,1.2495837
3601,1.2464294
3602,1.243228
3603,1.2401891
3604,1.2373035
3605,1.2346328
3606,1.2319862
3607,1.229189
3608,1.2260712
3609,1.2228427
3610,1.2193847
3611,1.215741
3612,1.2118824
3613,1.2083097
3614,1.2055411
3615,1.2039615
3616,1.2032651
3617,1.2026293
3618,1.2013319
3619,1.1994236
3620,1.1971896
3621,1.1946678
3622,1.1917533
3623,1.1885889
3624,1.1854733
3625,1.1833707
3626,1.1833866
3627,1.1865814
3628,1.1924489
3629,1.2000679
3630,1.2085009
3631,1.2176253
3632,1.2279285
3633,1.239172
3634,1.2495753
3635,1.2561963
3636,1.2582889
3637,1.2582334
3638,1.259348
3639,1.2635072
3640,1.2706436
3641,1.2801192
3642,1.290618
3643,1.3005223
3644,1.3079997
3645,1.3115617
3646,1.3111103
3647,1.3082241
3648,1.3049071
3649,1.3030822
3650,1.3032142
3651,1.305855
3652,1.3102964
3653,1.3158375
3654,1.3221984
3655,1.3293725
3656,1.3377396
3657,1.3472109
3658,1.3578126
3659,1.3691621
3660,1.380611
3661,1.3916439
3662,1.4012482
3663,1.4084046
3664,1.4121356
3665,1.4130816
3666,1.4120125
3667,1.4097764
3668,1.4064703
3669,1.4024184
3670,1.397735
3671,1.3925918
3672,1.3871245
3673,1.3816676
3674,1.376469
3675,1.37158
3676,1.3669616
3677,1.3625715
3678,1.358411
3679,1.3544202
3680,1.3507214
3681,1.3473957
3682,1.3445511
3683,1.3421032
3684,1.3401183
3685,1.3387599
3686,1.338333
3687,1.338939
3688,1.3405235
3689,1.3424623
3690,1.344115
3691,1.3447968
3692,1.344421
3693,1.342787
3694,1.3394995
3695,1.3337026
3696,1.3247555
3697,1.3127834
3698,1.298746
3699,1.2839942
3700,1.2697002
3701,1.2565272
3702,1.2446985
3703,1.234512
3704,1.2260942
3705,1.2198032
3706,1.2152579
3707,1.2122464
3708,1.2103206
3709,1.2095171
3710,1.2098346
3711,1.2111547
3712,1.2129992
3713,1.2150929
3714,1.2172443
3715,1.219593
3716,1.2219205
3717,1.224076
3718,1.2257516
3719,1.2266251
3720,1.2265443
3721,1.2256941
3722,1.2246132
3723,1.2237093
3724,1.2229733
3725,1.2224766
3726,1.2222177
3727,1.2226285
3728,1.2236336
3729,1.2252158
3730,1.2272031
3731,1.229614
3732,1.2322297
3733,1.2343855
3734,1.2356625
3735,1.236034
3736,1.2358329
3737,1.2352751
3738,1.234318
3739,1.2328318
3740,1.2306123
3741,1.2273971
3742,1.2236258
3743,1.2195736
3744,1.2160673
3745,1.2129358
3746,1.2107215
3747,1.2092967
3748,1.2089454
3749,1.2092103
3750,1.2097477
3751,1.2098212
3752,1.2089031
3753,1.206791
3754,1.2037249
3755,1.1998653
3756,1.1945935
3757,1.1870935
3758,1.1766437
3759,1.163803
3760,1.1500232
3761,1.1367177
3762,1.1247904
3763,1.1144911
3764,1.1061991
3765,1.0997058
3766,1.0948026
3767,1.0912336
3768,1.0893301
3769,1.0885619
3770,1.0882595
3771,1.0871334
3772,1.0845838
3773,1.08025
3774,1.0746986
3775,1.0687025
3776,1.062849
3777,1.0573392
3778,1.052156
3779,1.047361
3780,1.0428183
3781,1.0386304
3782,1.0347627
3783,1.0314491
3784,1.0285335
3785,1.0260401
3786,1.0235943
3787,1.0211554
3788,1.0187421
3789,1.0162227
3790,1.0134538
3791,1.0103413
3792,1.0078126
3793,1.0065258
3794,1.0067606
3795,1.0081354
3796,1.0102614
3797,1.0128771
3798,1.0155401
3799,1.0181475
3800,1.0209458
3801,1.0245317
3802,1.0293002
3803,1.0350991
3804,1.0412811
3805,1.0469828
3806,1.0510215
3807,1.0530143
3808,1.0530016
3809,1.0519959
3810,1.0507077
3811,1.0496482
3812,1.048853
3813,1.0480729
3814,1.0471864
3815,1.0462527
3816,1.0453413
3817,1.0442204
3818,1.0425746
3819,1.0405085
3820,1.0385456
3821,1.0369233
3822,1.0355961
3823,1.0342737
3824,1.0330437
3825,1.0318732
3826,1.031037
3827,1.0303841
3828,1.0299238
3829,1.0293851
3830,1.029214
3831,1.0293851
3832,1.0295931
3833,1.0290326
3834,1.027624
3835,1.0255227
3836,1.0226339
3837,1.018747
3838,1.0139056
3839,1.0086097
3840,1.0025144
3841,0.9954499
3842,0.98744416
3843,0.9801076
3844,0.9740273
3845,0.9689574
3846,0.96400464
3847,0.95932305
3848,0.95587254
3849,0.9539676
3850,0.9532145
3851,0.9531682
3852,0.95333064
3853,0.9533659
3854,0.9527272
3855,0.95148623
3856,0.95001304
3857,0.9485388
3858,0.9470736
3859,0.94535875
3860,0.94330037
3861,0.94077086
3862,0.9377796
3863,0.93460083
3864,0.9317293
3865,0.92943
3866,0.92741513
3867,0.92535985
3868,0.9233393
3869,0.92178494
3870,0.9207212
3871,0.9199482
3872,0.9189989
3873,0.9177118
3874,0.9160006
3875,0.9138819
3876,0.91145456
3877,0.9085382
3878,0.9051102
3879,0.9009726
3880,0.8959104
3881,0.88981247
3882,0.8822587
3883,0.8736537
3884,0.86406195
3885,0.8546989
3886,0.84577197
3887,0.8374989
3888,0.82936776
3889,0.8219224
3890,0.81544983
3891,0.8109753
3892,0.80848444
3893,0.80891466
3894,0.81168807
3895,0.8166342
3896,0.82279986
3897,0.82959354
3898,0.83597875
3899,0.8412361
3900,0.845368
3901,0.84907025
3902,0.85247934
3903,0.8553962
3904,0.8576801
3905,0.86003816
3906,0.8628094
3907,0.86595875
3908,0.868989
3909,0.8718721
3910,0.8745675
3911,0.87688607
3912,0.8781995
3913,0.8779746
3914,0.8758512
3915,0.87236285
3916,0.86803347
3917,0.86382
3918,0.86002606
3919,0.85686755
3920,0.8540195
3921,0.85113186
3922,0.8477317
3923,0.8436797
3924,0.83916867
3925,0.83493805
3926,0.83110887
3927,0.8276477
3928,0.8242186
3929,0.8211462
3930,0.81852543
3931,0.8163688
3932,0.8146708
3933,0.81345713
3934,0.8128557
3935,0.8128205
3936,0.8133111
3937,0.81438935
3938,0.816332
3939,0.8194572
3940,0.8237313
3941,0.8284365
3942,0.8330097
3943,0.83699477
3944,0.83951116
3945,0.8399198
3946,0.8376164
3947,0.8338866
3948,0.8298732
3949,0.8270842
3950,0.82541835
3951,0.8245585
3952,0.8234155
3953,0.8221189
3954,0.82058525
3955,0.8194231
3956,0.81846553
3957,0.81806636
3958,0.81841457
3959,0.81954575
3960,0.8210019
3961,0.8222102
3962,0.82304525
3963,0.823617
3964,0.8240965
3965,0.8245122
3966,0.8250402
3967,0.82588613
3968,0.8271861
3969,0.8291668
3970,0.83182055
3971,0.8347887
3972,0.8372073
3973,0.8386253
3974,0.83912086
3975,0.83884
3976,0.8376261
3977,0.8354318
3978,0.8326447
3979,0.8295668
3980,0.8262774
3981,0.8224461
3982,0.81791353
3983,0.81260586
3984,0.8065146
3985,0.7999676
3986,0.7932185
3987,0.78708744
3988,0.7815598
3989,0.7770501
3990,0.77349323
3991,0.7715819
3992,0.77122283
3993,0.77223945
3994,0.7743087
3995,0.7772161
3996,0.78086996
3997,0.78496456
3998,0.7894081
3999,0.7936797
4000,0.79748726
4001,0.80067915
4002,0.8036797
4003,0.8065951
4004,0.809183
4005,0.81116694
4006,0.8125583
4007,0.8136821
4008,0.8147526
4009,0.81590503
4010,0.81746817
4011,0.8197519
4012,0.82291484
4013,0.8263881
4014,0.82938313
4015,0.8312696
4016,0.83188313
4017,0.831518
4018,0.8302529
4019,0.82826513
4020,0.82557905
4021,0.8229188
4022,0.8208683
4023,0.82007134
4024,0.8204465
4025,0.82227314
4026,0.8255129
4027,0.8301733
4028,0.8353633
4029,0.8401523
4030,0.8439156
4031,0.846877
4032,0.84964925
4033,0.85249805
4034,0.85561997
4035,0.8590437
4036,0.86277217
4037,0.8662386
4038,0.86909
4039,0.8711079
4040,0.8724314
4041,0.87259275
4042,0.8716906
4043,0.8698922
4044,0.867618
4045,0.8652177
4046,0.86290026
4047,0.8612847
4048,0.8602444
4049,0.8594795
4050,0.85829514
4051,0.8563142
4052,0.85348403
4053,0.85009456
4054,0.84645915
4055,0.84272194
4056,0.8387325
4057,0.8343158
4058,0.82934505
4059,0.8236389
4060,0.8171358
4061,0.80961275
4062,0.8011743
4063,0.7919166
4064,0.78260183
4065,0.7738637
4066,0.7666373
4067,0.76127017
4068,0.75801814
4069,0.75610036
4070,0.7550686
4071,0.7544439
4072,0.7542541
4073,0.75424993
4074,0.75417703
4075,0.75415045
4076,0.7541559
4077,0.7543968
4078,0.7548005
4079,0.75534254
4080,0.75560606
4081,0.7555536
4082,0.75539553
4083,0.75571525
4084,0.75669813
4085,0.75843024
4086,0.76082754
4087,0.76380897
4088,0.76718795
4089,0.77080965
4090,0.77450407
4091,0.7782687
4092,0.7820895
4093,0.7855489
4094,0.78854144
4095,0.79101896
4096,0.7937288
4097,0.7965884
4098,0.79935837
4099,0.80137646
4100,0.80229455
4101,0.8016472
4102,0.7991212
4103,0.79473937
4104,0.7890516
4105,0.78347933
4106,0.7790601
4107,0.7768239
4108,0.776179
4109,0.7776188
4110,0.7800484
4111,0.7825875
4112,0.7818638
4113,0.77677506
4114,0.7669481
4115,0.7542899
4116,0.7391187
4117,0.72156286
4118,0.70129746
4119,0.67945886
4120,0.65750015
4121,0.63691056
4122,0.6185618
4123,0.602745
4124,0.5895197
4125,0.5781634
4126,0.5684133
4127,0.560021
4128,0.5533849
4129,0.54849714
4130,0.545018
4131,0.54246414
4132,0.5405276
4133,0.53922355
4134,0.5388029
4135,0.53954107
4136,0.54139024
4137,0.5436026
4138,0.5452491
4139,0.5456462
4140,0.5452395
4141,0.5450242
4142,0.5462941
4143,0.54951
4144,0.5540038
4145,0.55761987
4146,0.55903864
4147,0.5583362
4148,0.5575219
4149,0.5578245
4150,0.55964756
4151,0.56288373
4152,0.5671872
4153,0.5722157
4154,0.5775908
4155,0.5835288
4156,0.73288596
4157,1.0247334
4158,1.4461532
4159,1.724347
4160,1.8590416
4161,1.8610542
4162,1.8601253
4163,1.8572874
4164,1.8542957
4165,1.8514957
4166,1.8488706
4167,1.8461962
4168,1.8429759
4169,1.838825
4170,1.8341975
4171,1.8299522
4172,1.8260267
4173,1.8218119
4174,1.8169425
4175,1.8120756
4176,1.8077159
4177,1.8038435
4178,1.800395
4179,1.7974269
4180,1.7950792
4181,1.7934642
4182,1.7924788
4183,1.7919626
4184,1.7917547
4185,1.7918859
4186,1.7923234
4187,1.792934
4188,1.7935071
4189,1.7940309
4190,1.794672
4191,1.7955983
4192,1.7968068
4193,1.7982116
4194,1.7996008
4195,1.8006451
4196,1.8011014
4197,1.8011024
4198,1.8004193
4199,1.7988856
4200,1.7962005
4201,1.7926743
4202,1.7887082
4203,1.7848983
4204,1.7815162
4205,1.7784476
4206,1.7752476
4207,1.7718792
4208,1.7686164
4209,1.7658725
4210,1.7638831
4211,1.7625291
4212,1.761693
4213,1.7613316
4214,1.7616396
4215,1.7624216
4216,1.7631407
4217,1.7632833
4218,1.7627864
4219,1.7620316
4220,1.7611444
4221,1.7602776
4222,1.7594283
4223,1.7590744
4224,1.759419
4225,1.7606406
4226,1.76248
4227,1.7646948
4228,1.7670698
4229,1.7695522
4230,1.7719674
4231,1.774078
4232,1.7757427
4233,1.7772963
4234,1.7790043
4235,1.7809467
4236,1.7830753
4237,1.7854929
4238,1.788346
4239,1.7913997
4240,1.7946031
4241,1.7975962
4242,1.8000829
4243,1.8009806
4244,1.7995648
4245,1.7950706
4246,1.787675
4247,1.7778422
4248,1.7666168
4249,1.754822
4250,1.7432885
4251,1.7326684
4252,1.7233286
4253,1.7150421
4254,1.7072812
4255,1.6998355
4256,1.6929417
4257,1.6872244
4258,1.6832069
4259,1.6812687
4260,1.6811812
4261,1.6824026
4262,1.6845629
4263,1.6876085
4264,1.6916494
4265,1.6969862
4266,1.704185
4267,1.7137852
4268,1.725209
4269,1.7374111
4270,1.7494552
4271,1.760813
4272,1.7709018
4273,1.7793167
4274,1.786403
4275,1.7930245
4276,1.7997212
4277,1.806618
4278,1.8141422
4279,1.8228407
4280,1.8333242
4281,1.8451082
4282,1.8579361
4283,1.8714726
4284,1.8851662
4285,1.8976879
4286,1.9073836
4287,1.914125
4288,1.9186194
4289,1.9221709
4290,1.9250284
4291,1.9270513
4292,1.9277046
4293,1.927144
4294,1.9257832
4295,1.9241445
4296,1.9222722
4297,1.9200182
4298,1.917493
4299,1.9149848
4300,1.9128602
4301,1.9114003
4302,1.910661
4303,1.910774
4304,1.9116819
4305,1.9135401
4306,1.9164541
4307,1.9204366
4308,1.9253023
4309,1.930602
4310,1.9361191
4311,1.9417584
4312,1.9476011
4313,1.9535784
4314,1.9596565
4315,1.9657362
4316,1.9717426
4317,1.9775743
4318,1.9833131
4319,1.9888521
4320,1.9939377
4321,1.9983032
4322,2.0021024
4323,2.0057902
4324,2.009438
4325,2.0128195
4326,2.0153606
4327,2.0169766
4328,2.0177524
4329,2.0180132
4330,2.0180657
4331,2.0181816
4332,2.0185933
4333,2.0195258
4334,2.0212028
4335,2.0238166
4336,2.0272431
4337,2.0312521
4338,2.0357683
4339,2.0406833
4340,2.0459812
4341,2.0513685
4342,2.0567327
4343,2.061874
4344,2.066721
4345,2.0713813
4346,2.0760875
4347,2.0810068
4348,2.0858452
4349,2.0899243
4350,2.0926611
4351,2.0935133
4352,2.0924728
4353,2.0894487
4354,2.0848403
4355,2.0791166
4356,2.073008
4357,2.0672884
4358,2.0624332
4359,2.0586455
4360,2.0557873
4361,2.053907
4362,2.0531516
4363,2.0538454
4364,2.056013
4365,2.059534
4366,2.0638103
4367,2.0681467
4368,2.0719588
4369,2.0752418
4370,2.0781443
4371,2.0803115
4372,2.081393
4373,2.0812144
4374,2.0803998
4375,2.0790389
4376,2.0770388
4377,2.0741966
4378,2.070642
4379,2.066795
4380,2.063134
4381,2.060132
4382,2.0578554
4383,2.0560336
4384,2.0544567
4385,2.0530715
4386,2.0517325
4387,2.050137
4388,2.0481174
4389,2.0456579
4390,2.0423841
4391,2.0380025
4392,2.0324519
4393,2.0264263
4394,2.020158
4395,2.013602
4396,2.0065563
4397,1.9992294
4398,1.9919837
4399,1.9850653
4400,1.9786384
4401,1.9727426
4402,1.9673502
4403,1.9623189
4404,1.9573975
4405,1.9524047
4406,1.9474975
4407,1.943176
4408,1.9398481
4409,1.9373548
4410,1.9354575
4411,1.9339814
4412,1.9331025
4413,1.9326904
4414,1.9325985
4415,1.9327149
4416,1.9333103
4417,1.9347501
4418,1.9371741
4419,1.9403868
4420,1.9438337
4421,1.9469757
4422,1.949405
4423,1.9510294
4424,1.9514772
4425,1.9501853
4426,1.9464887
4427,1.9406865
4428,1.9332511
4429,1.9250234
4430,1.9162996
4431,1.9075786
4432,1.8988361
4433,1.8898888
4434,1.8805273
4435,1.8708501
4436,1.8609557
4437,1.8509184
4438,1.8407348
4439,1.8311288
4440,1.8225911
4441,1.8153557
4442,1.8088037
4443,1.8024046
4444,1.7959452
4445,1.7890716
4446,1.7814417
4447,1.7732332
4448,1.7654142
4449,1.7589848
4450,1.7538197
4451,1.7494817
4452,1.7450165
4453,1.7404449
4454,1.7359138
4455,1.7319121
4456,1.7281866
4457,1.7239392
4458,1.718262
4459,1.7102864
4460,1.6997006
4461,1.6860867
4462,1.6695766
4463,1.6501403
4464,1.6285714
4465,1.605818
4466,1.5821905
4467,1.5574416
4468,1.5308641
4469,1.5030146
4470,1.474922
4471,1.4475684
4472,1.4215688
4473,1.3974602
4474,1.375648
4475,1.3558543
4476,1.3384258
4477,1.3239714
4478,1.3135128
4479,1.3066673
4480,1.3029089
4481,1.2999504
4482,1.2970879
4483,1.295804
4484,1.3009945
4485,1.314615
4486,1.3343344
4487,1.3561587
4488,1.3779687
4489,1.3998266
4490,1.4217944
4491,1.4438701
4492,1.465825
4493,1.4874045
4494,1.5084472
4495,1.5292001
4496,1.5499076
4497,1.5709221
4498,1.5929146
4499,1.6165582
4500,1.6424615
4501,1.670467
4502,1.7004607
4503,1.7320147
4504,1.7647103
4505,1.7980881
4506,1.8323793
4507,1.8678787
4508,1.9045755
4509,1.9407008
4510,1.9741626
4511,2.003268
4512,2.0278575
4513,2.0485716
4514,2.0661883
4515,2.0817626
4516,2.0958323
4517,2.1085703
4518,2.1183968
4519,2.1253262
4520,2.130039
4521,2.1346514
4522,2.1388252
4523,2.1414871
4524,2.1415884
4525,2.139798
4526,2.136759
4527,2.1324463
4528,2.1266327
4529,2.119307
4530,2.1108577
4531,2.1011064
4532,2.090144
4533,2.078124
4534,2.0653431
4535,2.0518687
4536,2.0379071
4537,2.0237877
4538,2.0097702
4539,1.9961597
4540,1.9831758
4541,1.9711561
4542,1.9601867
4543,1.9503326
4544,1.9414852
4545,1.9333065
4546,1.9248092
4547,1.9148765
4548,1.9024386
4549,1.8877581
4550,1.8717742
4551,1.8561792
4552,1.8417151
4553,1.8289366
4554,1.8176498
4555,1.8083959
4556,1.801122
4557,1.795999
4558,1.7923412
4559,1.7894897
4560,1.7867845
4561,1.783798
4562,1.7817311
4563,1.7818911
4564,1.7857077
4565,1.792137
4566,1.7998432
4567,1.8061786
4568,1.8091471
4569,1.8071313
4570,1.8011584
4571,1.7932506
4572,1.7851231
4573,1.7776833
4574,1.7712102
4575,1.7666278
4576,1.7639458
4577,1.7634368
4578,1.7643306
4579,1.7666657
4580,1.7707982
4581,1.7778103
4582,1.7877909
4583,1.7999356
4584,1.8133047
4585,1.8276802
4586,1.8432853
4587,1.8599465
4588,1.8771904
4589,1.8945508
4590,1.9118793
4591,1.9291809
4592,1.94646
4593,1.9637806
4594,1.9812742
4595,1.9990722
4596,2.0171866
4597,2.0354931
4598,2.0538664
4599,2.0722413
4600,2.0906212
4601,2.1077585
4602,2.1212773
4603,2.1288238
4604,2.1305437
4605,2.1296926
4606,2.1297457
4607,2.132929
4608,2.1386328
4609,2.1457338
4610,2.1531103
4611,2.160495
4612,2.1678913
4613,2.1753008
4614,2.1824648
4615,2.189474
4616,2.19708
4617,2.206551
4618,2.2184498
4619,2.2320166
4620,2.246236
4621,2.2604513
4622,2.2746694
4623,2.2889001
4624,2.3035989
4625,2.3192244
4626,2.335754
4627,2.352277
4628,2.3679316
4629,2.3829045
4630,2.3979304
4631,2.4136426
4632,2.4300058
4633,2.4469879
4634,2.4646587
4635,2.4832187
4636,2.5025282
4637,2.5225384
4638,2.5432875
4639,2.5650656
4640,2.5869799
4641,2.6075013
4642,2.625407
4643,2.6413224
4644,2.6565967
4645,2.6693614
4646,2.6761043
4647,2.6732953
4648,2.6629665
4649,2.6485977
4650,2.632364
4651,2.6133645
4652,2.5903215
4653,2.5640612
4654,2.5359757
4655,2.507007
4656,2.4771924
4657,2.446615
4658,2.415958
4659,2.385905
4660,2.3569794
4661,2.3291438
4662,2.302255
4663,2.2756715
4664,2.249293
4665,2.2231224
4666,2.197975
4667,2.1743195
4668,2.1525152
4669,2.1322157
4670,2.1130378
4671,2.0948505
4672,2.077848
4673,2.0623956
4674,2.0482364
4675,2.035408
4676,2.0236435
4677,2.0120857
4678,1.9989665
4679,1.9826312
4680,1.9633238
4681,1.9422317
4682,1.9207715
4683,1.899581
4684,1.8789533
4685,1.8588707
4686,1.8395083
4687,1.8212433
4688,1.8045127
4689,1.7902553
4690,1.7791128
4691,1.7717927
4692,1.767005
4693,1.7636847
4694,1.7612257
4695,1.7602308
4696,1.7610548
4697,1.7632818
4698,1.7665403
4699,1.7708693
4700,1.7766054
4701,1.7838426
4702,1.791935
4703,1.8000249
4704,1.8070691
4705,1.8122265
4706,1.8149323
4707,1.815352
4708,1.8145051
4709,1.8134905
4710,1.8120732
4711,1.8091664
4712,1.8038709
4713,1.7972345
4714,1.7902508
4715,1.7832143
4716,1.7754166
4717,1.7660956
4718,1.7544689
4719,1.7401341
4720,1.7241249
4721,1.7083743
4722,1.6942444
4723,1.6821687
4724,1.6718699
4725,1.6631458
4726,1.6557274
4727,1.6497538
4728,1.6454961
4729,1.6429504
4730,1.6417863
4731,1.6415582
4732,1.6412765
4733,1.6395756
4734,1.6346942
4735,1.6263978
4736,1.6154444
4737,1.6035547
4738,1.590791
4739,1.576819
4740,1.5609667
4741,1.5445529
4742,1.5287794
4743,1.5148569
4744,1.5021021
4745,1.4896293
4746,1.4762604
4747,1.4621539
4748,1.4477437
4749,1.433423
4750,1.4189808
4751,1.404098
4752,1.3890492
4753,1.3742816
4754,1.3606201
4755,1.3482227
4756,1.3372438
4757,1.327359
4758,1.3186508
4759,1.3105559
4760,1.3027902
4761,1.295835
4762,1.2901745
4763,1.2861718
4764,1.2827199
4765,1.2794775
4766,1.2762592
4767,1.2731352
4768,1.2698288
4769,1.2658672
4770,1.2614244
4771,1.257014
4772,1.2531879
4773,1.2497975
4774,1.2466476
4775,1.2434628
4776,1.2404134
4777,1.2375122
4778,1.2348235
4779,1.2321756
4780,1.2293952
4781,1.226297
4782,1.2230833
4783,1.2196462
4784,1.2160339
4785,1.2121904
4786,1.2085695
4787,1.2057012
4788,1.2040052
4789,1.203287
4790,1.2026901
4791,1.2014842
4792,1.1996031
4793,1.1973891
4794,1.194885
4795,1.191994
4796,1.1888306
4797,1.1856939
4798,1.1834947
4799,1.1833391
4800,1.1862786
4801,1.1919512
4802,1.1994414
4803,1.2078118
4804,1.216882
4805,1.2270908
4806,1.2383744
4807,1.2489669
4808,1.2560067
4809,1.2583375
4810,1.2583073
4811,1.2591406
4812,1.2630292
4813,1.2699041
4814,1.2792692
4815,1.2897327
4816,1.2997737
4817,1.3074985
4818,1.3114213
4819,1.3112644
4820,1.3085045
4821,1.3050992
4822,1.3030761
4823,1.3030015
4824,1.3055141
4825,1.3099127
4826,1.3154161
4827,1.3216989
4828,1.3287594
4829,1.3370202
4830,1.3463912
4831,1.3569169
4832,1.3682399
4833,1.3797157
4834,1.3907926
4835,1.400526
4836,1.4078907
4837,1.4119102
4838,1.4130883
4839,1.4121913
4840,1.4100546
4841,1.4067992
4842,1.4027766
4843,1.3981159
4844,1.3930131
4845,1.3875655
4846,1.382103
4847,1.3768784
4848,1.3719685
4849,1.3673311
4850,1.3629248
4851,1.3587439
4852,1.3547387
4853,1.3510175
4854,1.3476647
4855,1.3447841
4856,1.3422993
4857,1.340267
4858,1.3388287
4859,1.338309
4860,1.3388146
4861,1.3403575
4862,1.3423047
4863,1.3440244
4864,1.3447828
4865,1.3444889
4866,1.342967
4867,1.3398561
4868,1.3343184
4869,1.325661
4870,1.3139232
4871,1.3000089
4872,1.285256
4873,1.270884
4874,1.2576003
4875,1.2456231
4876,1.2352716
4877,1.2266593
4878,1.2202199
4879,1.2155508
4880,1.2124658
4881,1.2104508
4882,1.2095584
4883,1.2097695
4884,1.2110293
4885,1.2128522
4886,1.2149419
4887,1.2170757
4888,1.2193971
4889,1.2217276
4890,1.223913
4891,1.2256546
4892,1.2266139
4893,1.226608
4894,1.2258041
4895,1.224712
4896,1.2237949
4897,1.2230382
4898,1.222543
4899,1.2222447
4900,1.2225902
4901,1.2235224
4902,1.2250565
4903,1.2270031
4904,1.2293777
4905,1.2319838
4906,1.2342231
4907,1.2355958
4908,1.2360618
4909,1.2358735
4910,1.2353286
4911,1.2344176
4912,1.2329981
4913,1.2308781
4914,1.2277327
4915,1.2240423
4916,1.2200124
4917,1.21647
4918,1.2132298
4919,1.2108861
4920,1.2093478
4921,1.2089283
4922,1.209166
4923,1.209712
4924,1.2098484
4925,1.2089999
4926,1.2069871
4927,1.2039901
4928,1.2002479
4929,1.1951618
4930,1.187922
4931,1.1777574
4932,1.1650456
4933,1.1512611
4934,1.137831
4935,1.1257623
4936,1.1153055
4937,1.1068321
4938,1.100239
4939,1.0952505
4940,1.0915904
4941,1.0895214
4942,1.088638
4943,1.0883121
4944,1.0872808
4945,1.0848818
4946,1.0807103
4947,1.0752506
4948,1.0692706
4949,1.063389
4950,1.0578358
4951,1.0526224
4952,1.0477855
4953,1.0432484
4954,1.0390449
4955,1.0351752
4956,1.031801
4957,1.0288393
4958,1.0263088
4959,1.0238605
4960,1.0214305
4961,1.0190547
4962,1.0165849
4963,1.0138761
4964,1.0107145
4965,1.0080748
4966,1.0066134
4967,1.0066879
4968,1.0079396
4969,1.0099788
4970,1.0126038
4971,1.0152895
4972,1.0178932
4973,1.020618
4974,1.0241163
4975,1.0288126
4976,1.0345587
4977,1.040709
4978,1.0464822
4979,1.0507154
4980,1.0529227
4981,1.0530823
4982,1.052119
4983,1.0508388
4984,1.049732
4985,1.0489237
4986,1.0481455
4987,1.0472779
4988,1.0463562
4989,1.0454589
4990,1.044383
4991,1.0427635
4992,1.0406991
4993,1.0386765
4994,1.0370189
4995,1.035671
4996,1.0343617
4997,1.0331365
4998,1.031972
4999,1.0310942
5000,1.0303997
5001,1.0298975
5002,1.0293773
5003,1.0292052
5004,1.0293788
5005,1.0295987
5006,1.029093
5007,1.027747
5008,1.0257137
5009,1.0229322
5010,1.0191513
5011,1.0143989
5012,1.0091381
5013,1.0031651
5014,0.9962243
5015,0.9883065
5016,0.98086065
5017,0.97468233
5018,0.9695611
5019,0.9646071
5020,0.9598129
5021,0.9561746
5022,0.9541242
5023,0.95330477
5024,0.95319295
5025,0.95332325
5026,0.9533638
5027,0.952814
5028,0.95163584
5029,0.95017976
5030,0.94869554
5031,0.9472325
5032,0.94554925
5033,0.94353235
5034,0.94104314
5035,0.9380834
5036,0.93489254
5037,0.9319811
5038,0.92964506
5039,0.9276419
5040,0.92560065
5041,0.9235519
5042,0.9219198
5043,0.9207883
5044,0.91999733
5045,0.91909647
5046,0.91787934
5047,0.9162227
5048,0.9141282
5049,0.9117136
5050,0.90885067
5051,0.9054799
5052,0.90146136
5053,0.89651227
5054,0.8905487
5055,0.88307893
5056,0.87454486
5057,0.86501014
5058,0.85562766
5059,0.84665287
5060,0.8383219
5061,0.83017987
5062,0.8226614
5063,0.81607735
5064,0.81141156
5065,0.8087282
5066,0.80883706
5067,0.8113288
5068,0.8160117
5069,0.82207453
5070,0.828867
5071,0.83535254
5072,0.84074855
5073,0.8449296
5074,0.848658
5075,0.8520982
5076,0.8551241
5077,0.85745347
5078,0.85976976
5079,0.86246383
5080,0.8655832
5081,0.86863863
5082,0.87155324
5083,0.87427795
5084,0.87669027
5085,0.8781554
5086,0.87815475
5087,0.8762068
5088,0.8728233
5089,0.86852694
5090,0.86427605
5091,0.8604384
5092,0.85720503
5093,0.8543361
5094,0.8514887
5095,0.8481846
5096,0.8442276
5097,0.8397176
5098,0.8354099
5099,0.83148247
5100,0.8279654
5101,0.8245167
5102,0.8214231
5103,0.8187694
5104,0.81658125
5105,0.8148487
5106,0.81359744
5107,0.81291753
5108,0.8127867
5109,0.81319714
5110,0.81422555
5111,0.8160757
5112,0.8190447
5113,0.8231678
5114,0.82786614
5115,0.8325169
5116,0.8366668
5117,0.8393691
5118,0.84003234
5119,0.8379693
5120,0.8343493
5121,0.83031595
5122,0.8273371
5123,0.8255503
5124,0.8245903
5125,0.8235484
5126,0.8222858
5127,0.8208253
5128,0.8195941
5129,0.8185979
5130,0.81809723
5131,0.81834996
5132,0.8193921
5133,0.8208275
5134,0.8220774
5135,0.82295513
5136,0.82355344
5137,0.82404184
5138,0.8244676
5139,0.8249643
5140,0.8257625
5141,0.82699984
5142,0.82890105
5143,0.831512
5144,0.83447737
5145,0.8370084
5146,0.83854645
5147,0.8391538
5148,0.83897793
5149,0.8378526
5150,0.8357566
5151,0.83299136
5152,0.829944
5153,0.82666945
5154,0.822922
5155,0.8184828
5156,0.8132603
5157,0.80723125
5158,0.8006991
5159,0.7939749
5160,0.7877389
5161,0.78214365
5162,0.7774769
5163,0.77384436
5164,0.7717141
5165,0.7711864
5166,0.77200675
5167,0.7739814
5168,0.7767998
5169,0.78040206
5170,0.78445554
5171,0.7888685
5172,0.79316276
5173,0.7970122
5174,0.8002655
5175,0.8032788
5176,0.80622387
5177,0.8089341
5178,0.8110561
5179,0.8125706
5180,0.8136518
5181,0.8146767
5182,0.8157545
5183,0.8172635
5184,0.8194468
5185,0.82251465
5186,0.8260028
5187,0.8291201
5188,0.83118254
5189,0.8319216
5190,0.8316143
5191,0.8304484
5192,0.8285441
5193,0.8259457
5194,0.82321644
5195,0.8210614
5196,0.8201135
5197,0.8203306
5198,0.8219652
5199,0.8249874
5200,0.8295429
5201,0.83472776
5202,0.83965296
5203,0.8435269
5204,0.8465655
5205,0.8493153
5206,0.85215616
5207,0.8552408
5208,0.8586556
5209,0.8623665
5210,0.8658699
5211,0.86878616
5212,0.8708772
5213,0.87233365
5214,0.87262696
5215,0.87186193
5216,0.87010974
5217,0.8678814
5218,0.86547583
5219,0.86315864
5220,0.861452
5221,0.8603455
5222,0.85957026
5223,0.8584791
5224,0.8566215
5225,0.85388774
5226,0.8505516
5227,0.84695566
5228,0.84322435
5229,0.83926773
5230,0.8348744
5231,0.83001095
5232,0.8244148
5233,0.8180671
5234,0.81062436
5235,0.8022806
5236,0.7930691
5237,0.7837595
5238,0.7749258
5239,0.76751536
5240,0.76191825
5241,0.7584171
5242,0.75635946
5243,0.7552443
5244,0.7546226
5245,0.7543767
5246,0.75433564
5247,0.7541914
5248,0.7541313
5249,0.7541216
5250,0.75437
5251,0.7547548
5252,0.75530475
5253,0.7555982
5254,0.7556014
5255,0.7554313
5256,0.7556594
5257,0.75651824
5258,0.7581289
5259,0.7604437
5260,0.76336706
5261,0.7667122
5262,0.77033097
5263,0.7740221
5264,0.77778417
5265,0.78158486
5266,0.7851079
5267,0.7881533
5268,0.7907129
5269,0.7933707
5270,0.79624057
5271,0.799044
5272,0.80120116
5273,0.80228645
5274,0.8018482
5275,0.79956794
5276,0.79540956
5277,0.78983134
5278,0.78419334
5279,0.7795011
5280,0.776696
5281,0.7751347
5282,0.77305084
5283,0.7674116
5284,0.7564733
5285,0.74125826
5286,0.72438574
5287,0.70708084
5288,0.68809557
5289,0.66714555
5290,0.64428985
5291,0.62121886
5292,0.59838325
5293,0.57738435
5294,0.5595767
5295,0.54510045
5296,0.5345313
5297,0.52801204
5298,0.52583534
5299,0.5260626
5300,0.5269727
5301,0.52804416
5302,0.52890223
5303,0.5285564
5304,0.52572507
5305,0.52108854
5306,0.516188
5307,0.5125549
5308,0.5101141
5309,0.5080822
5310,0.50518453
5311,0.50142366
5312,0.49733913
5313,0.4941417
5314,0.49195784
5315,0.49085772
5316,0.49050128
5317,0.49073774
5318,0.490991
5319,0.49066907
5320,0.4894035
5321,0.48722857
5322,0.48448217
5323,0.48166972
5324,0.47923136
5325,0.47760987
5326,0.48009652
5327,0.49907458
5328,0.44217938
